-- MySQL dump 10.13  Distrib 5.7.34, for Linux (x86_64)
--
-- Host: localhost    Database: Sparvinnn_jahanistyle
-- ------------------------------------------------------
-- Server version	5.7.34

/*!40101 SET @OLD_CHARACTER_SET_CLIENT=@@CHARACTER_SET_CLIENT */;
/*!40101 SET @OLD_CHARACTER_SET_RESULTS=@@CHARACTER_SET_RESULTS */;
/*!40101 SET @OLD_COLLATION_CONNECTION=@@COLLATION_CONNECTION */;
/*!40101 SET NAMES utf8 */;
/*!40103 SET @OLD_TIME_ZONE=@@TIME_ZONE */;
/*!40103 SET TIME_ZONE='+00:00' */;
/*!40014 SET @OLD_UNIQUE_CHECKS=@@UNIQUE_CHECKS, UNIQUE_CHECKS=0 */;
/*!40014 SET @OLD_FOREIGN_KEY_CHECKS=@@FOREIGN_KEY_CHECKS, FOREIGN_KEY_CHECKS=0 */;
/*!40101 SET @OLD_SQL_MODE=@@SQL_MODE, SQL_MODE='NO_AUTO_VALUE_ON_ZERO' */;
/*!40111 SET @OLD_SQL_NOTES=@@SQL_NOTES, SQL_NOTES=0 */;

--
-- Table structure for table `banners`
--

DROP TABLE IF EXISTS `banners`;
/*!40101 SET @saved_cs_client     = @@character_set_client */;
/*!40101 SET character_set_client = utf8 */;
CREATE TABLE `banners` (
  `id` bigint(20) unsigned NOT NULL AUTO_INCREMENT,
  `url` varchar(255) COLLATE utf8mb4_unicode_ci NOT NULL,
  `created_at` timestamp NULL DEFAULT NULL,
  `updated_at` timestamp NULL DEFAULT NULL,
  PRIMARY KEY (`id`)
) ENGINE=InnoDB DEFAULT CHARSET=utf8mb4 COLLATE=utf8mb4_unicode_ci;
/*!40101 SET character_set_client = @saved_cs_client */;

--
-- Dumping data for table `banners`
--

LOCK TABLES `banners` WRITE;
/*!40000 ALTER TABLE `banners` DISABLE KEYS */;
/*!40000 ALTER TABLE `banners` ENABLE KEYS */;
UNLOCK TABLES;

--
-- Table structure for table `branches`
--

DROP TABLE IF EXISTS `branches`;
/*!40101 SET @saved_cs_client     = @@character_set_client */;
/*!40101 SET character_set_client = utf8 */;
CREATE TABLE `branches` (
  `id` bigint(20) unsigned NOT NULL AUTO_INCREMENT,
  `name` varchar(255) COLLATE utf8mb4_unicode_ci NOT NULL,
  `phones` varchar(255) COLLATE utf8mb4_unicode_ci DEFAULT NULL,
  `county` varchar(255) COLLATE utf8mb4_unicode_ci DEFAULT NULL,
  `city` varchar(255) COLLATE utf8mb4_unicode_ci DEFAULT NULL,
  `address` varchar(255) COLLATE utf8mb4_unicode_ci DEFAULT NULL,
  `postal_code` varchar(255) COLLATE utf8mb4_unicode_ci DEFAULT NULL,
  `fax` varchar(255) COLLATE utf8mb4_unicode_ci DEFAULT NULL,
  `status` varchar(255) COLLATE utf8mb4_unicode_ci NOT NULL DEFAULT 'active',
  `deleted_at` timestamp NULL DEFAULT NULL,
  `created_at` timestamp NULL DEFAULT NULL,
  `updated_at` timestamp NULL DEFAULT NULL,
  PRIMARY KEY (`id`),
  UNIQUE KEY `branches_name_unique` (`name`)
) ENGINE=InnoDB AUTO_INCREMENT=2 DEFAULT CHARSET=utf8mb4 COLLATE=utf8mb4_unicode_ci;
/*!40101 SET character_set_client = @saved_cs_client */;

--
-- Dumping data for table `branches`
--

LOCK TABLES `branches` WRITE;
/*!40000 ALTER TABLE `branches` DISABLE KEYS */;
INSERT INTO `branches` VALUES (1,'شعبه مرکزی','013-3333','24','10','خیابان مطهری','1742548745','013-5412','active',NULL,NULL,NULL);
/*!40000 ALTER TABLE `branches` ENABLE KEYS */;
UNLOCK TABLES;

--
-- Table structure for table `brands`
--

DROP TABLE IF EXISTS `brands`;
/*!40101 SET @saved_cs_client     = @@character_set_client */;
/*!40101 SET character_set_client = utf8 */;
CREATE TABLE `brands` (
  `id` bigint(20) unsigned NOT NULL AUTO_INCREMENT,
  `name` varchar(255) COLLATE utf8mb4_unicode_ci NOT NULL,
  `created_at` timestamp NULL DEFAULT NULL,
  `updated_at` timestamp NULL DEFAULT NULL,
  PRIMARY KEY (`id`)
) ENGINE=InnoDB AUTO_INCREMENT=8 DEFAULT CHARSET=utf8mb4 COLLATE=utf8mb4_unicode_ci;
/*!40101 SET character_set_client = @saved_cs_client */;

--
-- Dumping data for table `brands`
--

LOCK TABLES `brands` WRITE;
/*!40000 ALTER TABLE `brands` DISABLE KEYS */;
INSERT INTO `brands` VALUES (1,'اچ اند ام','2021-06-09 04:58:01','2021-06-14 04:00:10'),(2,'گوچی','2021-06-09 05:13:53','2021-06-09 05:25:42'),(3,'مانگو','2021-06-09 05:26:59','2021-06-09 05:26:59'),(4,'ورساچی','2021-06-09 05:27:10','2021-06-09 05:27:10'),(5,'ملی','2021-06-09 06:19:10','2021-06-09 06:19:10'),(6,'نایک','2021-06-11 07:16:48','2021-06-11 07:16:48'),(7,'دی اند جی','2021-06-14 04:40:32','2021-06-14 04:41:13');
/*!40000 ALTER TABLE `brands` ENABLE KEYS */;
UNLOCK TABLES;

--
-- Table structure for table `carts`
--

DROP TABLE IF EXISTS `carts`;
/*!40101 SET @saved_cs_client     = @@character_set_client */;
/*!40101 SET character_set_client = utf8 */;
CREATE TABLE `carts` (
  `id` bigint(20) unsigned NOT NULL AUTO_INCREMENT,
  `user_id` bigint(20) unsigned DEFAULT NULL,
  `product_id` bigint(20) unsigned DEFAULT NULL,
  `created_at` timestamp NULL DEFAULT NULL,
  `updated_at` timestamp NULL DEFAULT NULL,
  `number` int(11) NOT NULL DEFAULT '1',
  PRIMARY KEY (`id`),
  KEY `carts_user_id_foreign` (`user_id`),
  KEY `carts_product_id_foreign` (`product_id`),
  CONSTRAINT `carts_product_id_foreign` FOREIGN KEY (`product_id`) REFERENCES `products` (`id`) ON DELETE CASCADE ON UPDATE CASCADE,
  CONSTRAINT `carts_user_id_foreign` FOREIGN KEY (`user_id`) REFERENCES `users` (`id`) ON DELETE CASCADE ON UPDATE CASCADE
) ENGINE=InnoDB AUTO_INCREMENT=114 DEFAULT CHARSET=utf8mb4 COLLATE=utf8mb4_unicode_ci;
/*!40101 SET character_set_client = @saved_cs_client */;

--
-- Dumping data for table `carts`
--

LOCK TABLES `carts` WRITE;
/*!40000 ALTER TABLE `carts` DISABLE KEYS */;
INSERT INTO `carts` VALUES (108,3,7,'2021-08-13 17:11:03','2021-08-13 17:11:03',1),(111,1,7,'2021-08-18 09:26:35','2021-08-18 09:26:35',2),(113,3,6,'2021-08-27 07:19:10','2021-08-27 07:19:10',1);
/*!40000 ALTER TABLE `carts` ENABLE KEYS */;
UNLOCK TABLES;

--
-- Table structure for table `categories`
--

DROP TABLE IF EXISTS `categories`;
/*!40101 SET @saved_cs_client     = @@character_set_client */;
/*!40101 SET character_set_client = utf8 */;
CREATE TABLE `categories` (
  `id` bigint(20) unsigned NOT NULL AUTO_INCREMENT,
  `name_fa` varchar(255) COLLATE utf8mb4_unicode_ci NOT NULL,
  `name_en` varchar(255) COLLATE utf8mb4_unicode_ci NOT NULL,
  `slug` varchar(255) COLLATE utf8mb4_unicode_ci NOT NULL,
  `parent_id` bigint(20) unsigned DEFAULT NULL,
  `deleted_at` timestamp NULL DEFAULT NULL,
  `created_at` timestamp NULL DEFAULT NULL,
  `updated_at` timestamp NULL DEFAULT NULL,
  PRIMARY KEY (`id`),
  KEY `categories_parent_id_foreign` (`parent_id`),
  CONSTRAINT `categories_parent_id_foreign` FOREIGN KEY (`parent_id`) REFERENCES `categories` (`id`) ON DELETE CASCADE ON UPDATE CASCADE
) ENGINE=InnoDB AUTO_INCREMENT=33 DEFAULT CHARSET=utf8mb4 COLLATE=utf8mb4_unicode_ci;
/*!40101 SET character_set_client = @saved_cs_client */;

--
-- Dumping data for table `categories`
--

LOCK TABLES `categories` WRITE;
/*!40000 ALTER TABLE `categories` DISABLE KEYS */;
INSERT INTO `categories` VALUES (1,'منوی راست','right menu','right_menu',NULL,NULL,NULL,NULL),(2,'منوی چپ','left menu','left_menu',NULL,NULL,NULL,NULL),(3,'زنانه','women','women',1,NULL,'2021-06-08 05:42:12','2021-06-08 05:42:12'),(4,'مردانه','men','men',1,NULL,'2021-06-08 05:42:38','2021-06-08 05:42:38'),(5,'بچگانه','kids','kids',1,NULL,'2021-06-08 05:43:34','2021-06-08 05:43:34'),(6,'زیبایی و سلامت','Beauty and health','Beauty-healthb',1,NULL,'2021-06-08 05:44:23','2021-06-08 05:44:23'),(7,'فروش ویژه','special sale','special-sale',2,NULL,'2021-06-08 05:46:22','2021-06-08 05:46:22'),(8,'برندها','brands','brands',2,NULL,'2021-06-08 05:46:53','2021-06-08 05:46:53'),(9,'خانه طراحان ایرانی','House of Iranian Designers','house-iranian-designers',2,NULL,'2021-06-08 05:47:57','2021-06-08 05:47:57'),(10,'لباس','clothes','clothes',4,NULL,'2021-06-08 05:52:37','2021-06-08 05:52:37'),(11,'کیف','bag','bag',4,NULL,'2021-06-08 05:53:23','2021-06-08 05:53:23'),(12,'کفش','shoes','shoes',4,NULL,'2021-06-08 05:53:43','2021-06-08 05:53:43'),(13,'اکسسوری','accessory','accessory',4,NULL,'2021-06-08 05:54:11','2021-06-08 05:54:11'),(14,'ورزشی','sport','sport',4,NULL,'2021-06-08 05:54:24','2021-06-08 05:54:24'),(15,'تی شرت و پلو شرت','T-shirts and sweatshirts','T-shirts-and-sweatshirts',10,NULL,'2021-06-08 05:56:40','2021-06-08 05:57:25'),(16,'لباس راحتی','Slack suit','slack-suit',10,NULL,'2021-06-08 05:58:16','2021-06-08 05:58:16'),(17,'پیراهن','shirt','shirt',10,NULL,'2021-06-08 05:58:45','2021-06-08 05:58:45'),(18,'شلوار','pants','pants',10,NULL,'2021-06-08 05:59:14','2021-06-08 05:59:14'),(19,'جین','jin','jin',10,NULL,'2021-06-08 06:02:49','2021-06-08 06:02:49'),(20,'لباس زیر','under wear','under-wear',10,NULL,'2021-06-08 06:03:06','2021-06-08 06:03:06'),(21,'تاپ و رکابی','Tops-and-T-shirts','Tops-and-T-shirts',10,NULL,'2021-06-08 06:03:35','2021-06-08 06:03:35'),(22,'جوراب','Socks','Socks',10,NULL,'2021-06-08 06:04:41','2021-06-08 06:04:41'),(23,'شلوارک','shorts','shorts',10,NULL,'2021-06-08 06:05:12','2021-06-08 06:05:12'),(24,'کت و ست رسمی','Formal-suit','formal-suit',10,NULL,'2021-06-08 06:05:44','2021-06-08 06:05:44'),(25,'سویشرت و هودی','sweater-and-hoodie','sweater-and-hoodie',10,NULL,'2021-06-08 06:06:17','2021-06-08 06:06:17'),(26,'پالتو، بارانی و کاپشن','rain-coat-jacket','rain-coat-jacket',10,NULL,'2021-06-08 06:06:54','2021-06-08 06:06:54'),(27,'کیف','bags','bags',11,NULL,'2021-06-09 06:05:40','2021-06-09 06:05:40'),(28,'کیف دستی','bags','bags',11,NULL,'2021-06-09 06:05:51','2021-06-09 06:05:51'),(29,'کیف پول','bags','bags',11,NULL,'2021-06-09 06:05:57','2021-06-09 06:05:57'),(30,'کفش روزمره','Everyday-shoes','Everyday-shoes',12,NULL,'2021-06-09 06:17:22','2021-06-09 06:17:22'),(31,'لباس','cloth','cloth',3,NULL,'2021-07-26 04:04:04','2021-07-26 04:04:04'),(32,'تیشرت','tshirt','tshirt',31,NULL,'2021-07-26 04:06:01','2021-07-26 04:06:01');
/*!40000 ALTER TABLE `categories` ENABLE KEYS */;
UNLOCK TABLES;

--
-- Table structure for table `category_metas`
--

DROP TABLE IF EXISTS `category_metas`;
/*!40101 SET @saved_cs_client     = @@character_set_client */;
/*!40101 SET character_set_client = utf8 */;
CREATE TABLE `category_metas` (
  `id` bigint(20) unsigned NOT NULL AUTO_INCREMENT,
  `key` varchar(255) COLLATE utf8mb4_unicode_ci NOT NULL,
  `value` varchar(255) COLLATE utf8mb4_unicode_ci NOT NULL,
  `category_id` bigint(20) unsigned DEFAULT NULL,
  `deleted_at` timestamp NULL DEFAULT NULL,
  `created_at` timestamp NULL DEFAULT NULL,
  `updated_at` timestamp NULL DEFAULT NULL,
  PRIMARY KEY (`id`),
  KEY `category_metas_category_id_foreign` (`category_id`),
  CONSTRAINT `category_metas_category_id_foreign` FOREIGN KEY (`category_id`) REFERENCES `categories` (`id`) ON DELETE CASCADE ON UPDATE CASCADE
) ENGINE=InnoDB AUTO_INCREMENT=28 DEFAULT CHARSET=utf8mb4 COLLATE=utf8mb4_unicode_ci;
/*!40101 SET character_set_client = @saved_cs_client */;

--
-- Dumping data for table `category_metas`
--

LOCK TABLES `category_metas` WRITE;
/*!40000 ALTER TABLE `category_metas` DISABLE KEYS */;
INSERT INTO `category_metas` VALUES (1,'property','جنس',24,NULL,'2021-06-08 06:10:00','2021-06-08 06:10:00'),(2,'property','قد',24,NULL,'2021-06-08 06:10:00','2021-06-08 06:10:00'),(3,'property','نحوه بسته شدن',24,NULL,'2021-06-08 06:10:00','2021-06-08 06:10:00'),(4,'property','دراپ',24,NULL,'2021-06-08 06:10:00','2021-06-08 06:10:00'),(5,'property','توضیحات جنس',24,NULL,'2021-06-08 06:10:00','2021-06-08 06:10:00'),(6,'property','جزئیات',24,NULL,'2021-06-08 06:10:00','2021-06-08 06:10:00'),(7,'property','نگهداری',24,NULL,'2021-06-08 06:10:00','2021-06-08 06:10:00'),(8,'property','کشور مبدا برند',24,NULL,'2021-06-08 06:10:00','2021-06-08 06:10:00'),(9,'property','جنس',27,NULL,'2021-06-09 06:07:46','2021-06-09 06:07:46'),(10,'property','نحوه بسته شدن',27,NULL,'2021-06-09 06:07:46','2021-06-09 06:07:46'),(11,'property','بند و دستگیره',27,NULL,'2021-06-09 06:07:46','2021-06-09 06:07:46'),(12,'property','ابعاد',27,NULL,'2021-06-09 06:07:46','2021-06-09 06:07:46'),(13,'property','مورد استفاده',27,NULL,'2021-06-09 06:07:46','2021-06-09 06:07:46'),(14,'property','جنس',30,NULL,'2021-06-09 06:28:57','2021-06-09 06:28:57'),(15,'property','سایز',30,NULL,'2021-06-09 06:28:57','2021-06-09 06:28:57'),(16,'property','رنگ',30,NULL,'2021-06-09 06:28:57','2021-06-09 06:28:57'),(17,'property','نحوه بسته شدن',30,NULL,'2021-06-09 06:28:57','2021-06-09 06:28:57'),(18,'property','ویژگی های زیره',30,NULL,'2021-06-09 06:28:57','2021-06-09 06:28:57'),(19,'property','کد محصول',32,NULL,'2021-07-26 04:08:07','2021-07-26 04:08:07'),(20,'property','یقه',32,NULL,'2021-07-26 04:08:07','2021-07-26 04:08:07'),(21,'property','آستین',32,NULL,'2021-07-26 04:08:07','2021-07-26 04:08:07'),(22,'property','طرح',32,NULL,'2021-07-26 04:08:07','2021-07-26 04:08:07'),(23,'property','جنس',32,NULL,'2021-07-26 04:08:07','2021-07-26 04:08:07'),(24,'property','امکان خشک شویی',32,NULL,'2021-07-26 04:08:07','2021-07-26 04:08:07'),(25,'property','امکان استفاده از سفید کننده',32,NULL,'2021-07-26 04:08:07','2021-07-26 04:08:07'),(26,'property','مناسب برای',32,NULL,'2021-07-26 04:08:07','2021-07-26 04:08:07'),(27,'property','مناسب برای فصول',32,NULL,'2021-07-26 04:08:07','2021-07-26 04:08:07');
/*!40000 ALTER TABLE `category_metas` ENABLE KEYS */;
UNLOCK TABLES;

--
-- Table structure for table `cities`
--

DROP TABLE IF EXISTS `cities`;
/*!40101 SET @saved_cs_client     = @@character_set_client */;
/*!40101 SET character_set_client = utf8 */;
CREATE TABLE `cities` (
  `id` bigint(20) unsigned NOT NULL AUTO_INCREMENT,
  `name` varchar(255) COLLATE utf8mb4_unicode_ci NOT NULL,
  `county_id` bigint(20) unsigned NOT NULL,
  `created_at` timestamp NULL DEFAULT NULL,
  `updated_at` timestamp NULL DEFAULT NULL,
  PRIMARY KEY (`id`),
  KEY `cities_county_id_foreign` (`county_id`),
  CONSTRAINT `cities_county_id_foreign` FOREIGN KEY (`county_id`) REFERENCES `counties` (`id`) ON DELETE CASCADE ON UPDATE CASCADE
) ENGINE=InnoDB AUTO_INCREMENT=1182 DEFAULT CHARSET=utf8mb4 COLLATE=utf8mb4_unicode_ci;
/*!40101 SET character_set_client = @saved_cs_client */;

--
-- Dumping data for table `cities`
--

LOCK TABLES `cities` WRITE;
/*!40000 ALTER TABLE `cities` DISABLE KEYS */;
INSERT INTO `cities` VALUES (1,'تازه شهر',1,'2021-06-08 05:24:34','2021-06-08 05:24:34'),(2,'نالوس',1,'2021-06-08 05:24:34','2021-06-08 05:24:34'),(3,'ایواوغلی',1,'2021-06-08 05:24:34','2021-06-08 05:24:34'),(4,'شاهین دژ',1,'2021-06-08 05:24:34','2021-06-08 05:24:34'),(5,'گردکشانه',1,'2021-06-08 05:24:34','2021-06-08 05:24:34'),(6,'باروق',1,'2021-06-08 05:24:34','2021-06-08 05:24:34'),(7,'سیلوانه',1,'2021-06-08 05:24:34','2021-06-08 05:24:34'),(8,'بازرگان',1,'2021-06-08 05:24:34','2021-06-08 05:24:34'),(9,'نازک علیا',1,'2021-06-08 05:24:34','2021-06-08 05:24:34'),(10,'ربط',1,'2021-06-08 05:24:34','2021-06-08 05:24:34'),(11,'تکاب',1,'2021-06-08 05:24:34','2021-06-08 05:24:34'),(12,'دیزج دیز',1,'2021-06-08 05:24:34','2021-06-08 05:24:34'),(13,'سیمینه',1,'2021-06-08 05:24:34','2021-06-08 05:24:34'),(14,'نوشین',1,'2021-06-08 05:24:34','2021-06-08 05:24:34'),(15,'میاندوآب',1,'2021-06-08 05:24:34','2021-06-08 05:24:34'),(16,'مرگنلر',1,'2021-06-08 05:24:34','2021-06-08 05:24:34'),(17,'سلماس',1,'2021-06-08 05:24:34','2021-06-08 05:24:34'),(18,'آواجیق',1,'2021-06-08 05:24:34','2021-06-08 05:24:34'),(19,'قطور',1,'2021-06-08 05:24:34','2021-06-08 05:24:34'),(20,'محمودآباد',1,'2021-06-08 05:24:34','2021-06-08 05:24:34'),(21,'خوی',1,'2021-06-08 05:24:34','2021-06-08 05:24:34'),(22,'نقده',1,'2021-06-08 05:24:34','2021-06-08 05:24:34'),(23,'سرو',1,'2021-06-08 05:24:34','2021-06-08 05:24:34'),(24,'خلیفان',1,'2021-06-08 05:24:34','2021-06-08 05:24:34'),(25,'پلدشت',1,'2021-06-08 05:24:34','2021-06-08 05:24:34'),(26,'میرآباد',1,'2021-06-08 05:24:34','2021-06-08 05:24:34'),(27,'اشنویه',1,'2021-06-08 05:24:34','2021-06-08 05:24:34'),(28,'زرآباد',1,'2021-06-08 05:24:34','2021-06-08 05:24:34'),(29,'بوکان',1,'2021-06-08 05:24:34','2021-06-08 05:24:34'),(30,'پیرانشهر',1,'2021-06-08 05:24:34','2021-06-08 05:24:34'),(31,'چهاربرج',1,'2021-06-08 05:24:34','2021-06-08 05:24:34'),(32,'قوشچی',1,'2021-06-08 05:24:34','2021-06-08 05:24:34'),(33,'شوط',1,'2021-06-08 05:24:34','2021-06-08 05:24:34'),(34,'ماکو',1,'2021-06-08 05:24:34','2021-06-08 05:24:34'),(35,'سیه چشمه',1,'2021-06-08 05:24:34','2021-06-08 05:24:34'),(36,'سردشت',1,'2021-06-08 05:24:34','2021-06-08 05:24:34'),(37,'کشاورز',1,'2021-06-08 05:24:34','2021-06-08 05:24:34'),(38,'فیرورق',1,'2021-06-08 05:24:34','2021-06-08 05:24:34'),(39,'محمدیار',1,'2021-06-08 05:24:34','2021-06-08 05:24:34'),(40,'ارومیه',1,'2021-06-08 05:24:34','2021-06-08 05:24:34'),(41,'مهاباد',1,'2021-06-08 05:24:34','2021-06-08 05:24:34'),(42,'قره ضیاءالدین',1,'2021-06-08 05:24:34','2021-06-08 05:24:34'),(43,'پارس آباد',2,'2021-06-08 05:24:34','2021-06-08 05:24:34'),(44,'فخراباد',2,'2021-06-08 05:24:34','2021-06-08 05:24:34'),(45,'کلور',2,'2021-06-08 05:24:34','2021-06-08 05:24:34'),(46,'نیر',2,'2021-06-08 05:24:34','2021-06-08 05:24:34'),(47,'اردبیل',2,'2021-06-08 05:24:34','2021-06-08 05:24:34'),(48,'اسلام اباد',2,'2021-06-08 05:24:34','2021-06-08 05:24:34'),(49,'تازه کندانگوت',2,'2021-06-08 05:24:34','2021-06-08 05:24:34'),(50,'مشگین شهر',2,'2021-06-08 05:24:34','2021-06-08 05:24:34'),(51,'جعفرآباد',2,'2021-06-08 05:24:34','2021-06-08 05:24:34'),(52,'نمین',2,'2021-06-08 05:24:34','2021-06-08 05:24:34'),(53,'اصلاندوز',2,'2021-06-08 05:24:34','2021-06-08 05:24:34'),(54,'مرادلو',2,'2021-06-08 05:24:34','2021-06-08 05:24:34'),(55,'خلخال',2,'2021-06-08 05:24:34','2021-06-08 05:24:34'),(56,'کوراییم',2,'2021-06-08 05:24:34','2021-06-08 05:24:34'),(57,'هیر',2,'2021-06-08 05:24:34','2021-06-08 05:24:34'),(58,'گیوی',2,'2021-06-08 05:24:34','2021-06-08 05:24:34'),(59,'گرمی',2,'2021-06-08 05:24:34','2021-06-08 05:24:34'),(60,'لاهرود',2,'2021-06-08 05:24:34','2021-06-08 05:24:34'),(61,'هشتجین',2,'2021-06-08 05:24:34','2021-06-08 05:24:34'),(62,'عنبران',2,'2021-06-08 05:24:34','2021-06-08 05:24:34'),(63,'تازه کند',2,'2021-06-08 05:24:34','2021-06-08 05:24:34'),(64,'قصابه',2,'2021-06-08 05:24:34','2021-06-08 05:24:34'),(65,'رضی',2,'2021-06-08 05:24:34','2021-06-08 05:24:34'),(66,'سرعین',2,'2021-06-08 05:24:34','2021-06-08 05:24:34'),(67,'بیله سوار',2,'2021-06-08 05:24:34','2021-06-08 05:24:34'),(68,'آبی بیگلو',2,'2021-06-08 05:24:34','2021-06-08 05:24:34'),(69,'گزبرخوار',3,'2021-06-08 05:24:34','2021-06-08 05:24:34'),(70,'زیار',3,'2021-06-08 05:24:34','2021-06-08 05:24:34'),(71,'زرین شهر',3,'2021-06-08 05:24:34','2021-06-08 05:24:34'),(72,'گلشن',3,'2021-06-08 05:24:34','2021-06-08 05:24:34'),(73,'پیربکران',3,'2021-06-08 05:24:34','2021-06-08 05:24:34'),(74,'خالدآباد',3,'2021-06-08 05:24:34','2021-06-08 05:24:34'),(75,'سجزی',3,'2021-06-08 05:24:34','2021-06-08 05:24:34'),(76,'گوگد',3,'2021-06-08 05:24:34','2021-06-08 05:24:34'),(77,'تیران',3,'2021-06-08 05:24:34','2021-06-08 05:24:34'),(78,'ونک',3,'2021-06-08 05:24:34','2021-06-08 05:24:34'),(79,'دهق',3,'2021-06-08 05:24:34','2021-06-08 05:24:34'),(80,'زواره',3,'2021-06-08 05:24:34','2021-06-08 05:24:34'),(81,'کاشان',3,'2021-06-08 05:24:34','2021-06-08 05:24:34'),(82,'ابوزیدآباد',3,'2021-06-08 05:24:34','2021-06-08 05:24:34'),(83,'اصغرآباد',3,'2021-06-08 05:24:34','2021-06-08 05:24:34'),(84,'بافران',3,'2021-06-08 05:24:34','2021-06-08 05:24:34'),(85,'شهرضا',3,'2021-06-08 05:24:34','2021-06-08 05:24:34'),(86,'خور',3,'2021-06-08 05:24:34','2021-06-08 05:24:34'),(87,'مجلسی',3,'2021-06-08 05:24:34','2021-06-08 05:24:34'),(88,'هرند',3,'2021-06-08 05:24:34','2021-06-08 05:24:34'),(89,'فولادشهر',3,'2021-06-08 05:24:34','2021-06-08 05:24:34'),(90,'کمشچه',3,'2021-06-08 05:24:34','2021-06-08 05:24:34'),(91,'کلیشادوسودرجان',3,'2021-06-08 05:24:34','2021-06-08 05:24:34'),(92,'لای بید',3,'2021-06-08 05:24:34','2021-06-08 05:24:34'),(93,'قهجاورستان',3,'2021-06-08 05:24:34','2021-06-08 05:24:34'),(94,'چرمهین',3,'2021-06-08 05:24:34','2021-06-08 05:24:34'),(95,'رزوه',3,'2021-06-08 05:24:34','2021-06-08 05:24:34'),(96,'فریدونشهر',3,'2021-06-08 05:24:34','2021-06-08 05:24:34'),(97,'طرق رود',3,'2021-06-08 05:24:34','2021-06-08 05:24:34'),(98,'نصرآباد',3,'2021-06-08 05:24:34','2021-06-08 05:24:34'),(99,'برزک',3,'2021-06-08 05:24:34','2021-06-08 05:24:34'),(100,'سفیدشهر',3,'2021-06-08 05:24:34','2021-06-08 05:24:34'),(101,'سمیرم',3,'2021-06-08 05:24:34','2021-06-08 05:24:34'),(102,'گلدشت',3,'2021-06-08 05:24:34','2021-06-08 05:24:34'),(103,'اردستان',3,'2021-06-08 05:24:34','2021-06-08 05:24:34'),(104,'جوشقان قالی',3,'2021-06-08 05:24:34','2021-06-08 05:24:34'),(105,'بویین ومیاندشت',3,'2021-06-08 05:24:34','2021-06-08 05:24:34'),(106,'کرکوند',3,'2021-06-08 05:24:34','2021-06-08 05:24:34'),(107,'درچه',3,'2021-06-08 05:24:34','2021-06-08 05:24:34'),(108,'انارک',3,'2021-06-08 05:24:34','2021-06-08 05:24:34'),(109,'دولت آباد',3,'2021-06-08 05:24:34','2021-06-08 05:24:34'),(110,'ایمانشهر',3,'2021-06-08 05:24:34','2021-06-08 05:24:34'),(111,'گرگاب',3,'2021-06-08 05:24:34','2021-06-08 05:24:34'),(112,'حسن اباد',3,'2021-06-08 05:24:34','2021-06-08 05:24:34'),(113,'سده لنجان',3,'2021-06-08 05:24:34','2021-06-08 05:24:34'),(114,'حبیب آباد',3,'2021-06-08 05:24:34','2021-06-08 05:24:34'),(115,'بهاران شهر',3,'2021-06-08 05:24:34','2021-06-08 05:24:34'),(116,'میمه',3,'2021-06-08 05:24:34','2021-06-08 05:24:34'),(117,'تودشک',3,'2021-06-08 05:24:34','2021-06-08 05:24:34'),(118,'گلشهر',3,'2021-06-08 05:24:34','2021-06-08 05:24:34'),(119,'رضوانشهر',3,'2021-06-08 05:24:34','2021-06-08 05:24:34'),(120,'داران',3,'2021-06-08 05:24:34','2021-06-08 05:24:34'),(121,'علویجه',3,'2021-06-08 05:24:34','2021-06-08 05:24:34'),(122,'نیک آباد',3,'2021-06-08 05:24:34','2021-06-08 05:24:34'),(123,'مشکات',3,'2021-06-08 05:24:34','2021-06-08 05:24:34'),(124,'آران وبیدگل',3,'2021-06-08 05:24:34','2021-06-08 05:24:34'),(125,'خوانسار',3,'2021-06-08 05:24:34','2021-06-08 05:24:34'),(126,'نجف آباد',3,'2021-06-08 05:24:34','2021-06-08 05:24:34'),(127,'منظریه',3,'2021-06-08 05:24:34','2021-06-08 05:24:34'),(128,'فرخی',3,'2021-06-08 05:24:34','2021-06-08 05:24:34'),(129,'دیزیچه',3,'2021-06-08 05:24:34','2021-06-08 05:24:34'),(130,'اژیه',3,'2021-06-08 05:24:34','2021-06-08 05:24:34'),(131,'زاینده رود',3,'2021-06-08 05:24:34','2021-06-08 05:24:34'),(132,'خورزوق',3,'2021-06-08 05:24:34','2021-06-08 05:24:34'),(133,'قهدریجان',3,'2021-06-08 05:24:34','2021-06-08 05:24:34'),(134,'شاهین شهر',3,'2021-06-08 05:24:34','2021-06-08 05:24:34'),(135,'بهارستان',3,'2021-06-08 05:24:34','2021-06-08 05:24:34'),(136,'چمگردان',3,'2021-06-08 05:24:34','2021-06-08 05:24:34'),(137,'دهاقان',3,'2021-06-08 05:24:34','2021-06-08 05:24:34'),(138,'برف انبار',3,'2021-06-08 05:24:34','2021-06-08 05:24:34'),(139,'بادرود',3,'2021-06-08 05:24:34','2021-06-08 05:24:34'),(140,'کوهپایه',3,'2021-06-08 05:24:34','2021-06-08 05:24:34'),(141,'گلپایگان',3,'2021-06-08 05:24:34','2021-06-08 05:24:34'),(142,'عسگران',3,'2021-06-08 05:24:34','2021-06-08 05:24:34'),(143,'حنا',3,'2021-06-08 05:24:34','2021-06-08 05:24:34'),(144,'کهریزسنگ',3,'2021-06-08 05:24:34','2021-06-08 05:24:34'),(145,'مهاباد',3,'2021-06-08 05:24:34','2021-06-08 05:24:34'),(146,'کامو و چوگان',3,'2021-06-08 05:24:34','2021-06-08 05:24:34'),(147,'افوس',3,'2021-06-08 05:24:34','2021-06-08 05:24:34'),(148,'زیباشهر',3,'2021-06-08 05:24:34','2021-06-08 05:24:34'),(149,'کوشک',3,'2021-06-08 05:24:34','2021-06-08 05:24:34'),(150,'نایین',3,'2021-06-08 05:24:34','2021-06-08 05:24:34'),(151,'سین',3,'2021-06-08 05:24:34','2021-06-08 05:24:34'),(152,'زازران',3,'2021-06-08 05:24:34','2021-06-08 05:24:34'),(153,'مبارکه',3,'2021-06-08 05:24:34','2021-06-08 05:24:34'),(154,'ورزنه',3,'2021-06-08 05:24:34','2021-06-08 05:24:34'),(155,'ورنامخواست',3,'2021-06-08 05:24:34','2021-06-08 05:24:34'),(156,'شاپورآباد',3,'2021-06-08 05:24:34','2021-06-08 05:24:34'),(157,'فلاورجان',3,'2021-06-08 05:24:34','2021-06-08 05:24:34'),(158,'وزوان',3,'2021-06-08 05:24:34','2021-06-08 05:24:34'),(159,'اصفهان',3,'2021-06-08 05:24:34','2021-06-08 05:24:34'),(160,'باغ بهادران',3,'2021-06-08 05:24:34','2021-06-08 05:24:34'),(161,'چادگان',3,'2021-06-08 05:24:34','2021-06-08 05:24:34'),(162,'دامنه',3,'2021-06-08 05:24:34','2021-06-08 05:24:34'),(163,'نطنز',3,'2021-06-08 05:24:34','2021-06-08 05:24:34'),(164,'محمدآباد',3,'2021-06-08 05:24:34','2021-06-08 05:24:34'),(165,'نیاسر',3,'2021-06-08 05:24:34','2021-06-08 05:24:34'),(166,'نوش آباد',3,'2021-06-08 05:24:34','2021-06-08 05:24:34'),(167,'کمه',3,'2021-06-08 05:24:34','2021-06-08 05:24:34'),(168,'جوزدان',3,'2021-06-08 05:24:34','2021-06-08 05:24:34'),(169,'قمصر',3,'2021-06-08 05:24:34','2021-06-08 05:24:34'),(170,'جندق',3,'2021-06-08 05:24:34','2021-06-08 05:24:34'),(171,'طالخونچه',3,'2021-06-08 05:24:34','2021-06-08 05:24:34'),(172,'خمینی شهر',3,'2021-06-08 05:24:34','2021-06-08 05:24:34'),(173,'باغشاد',3,'2021-06-08 05:24:34','2021-06-08 05:24:34'),(174,'دستگرد',3,'2021-06-08 05:24:34','2021-06-08 05:24:34'),(175,'ابریشم',3,'2021-06-08 05:24:34','2021-06-08 05:24:34'),(176,'چهارباغ',4,'2021-06-08 05:24:34','2021-06-08 05:24:34'),(177,'آسارا',4,'2021-06-08 05:24:34','2021-06-08 05:24:34'),(178,'کرج',4,'2021-06-08 05:24:34','2021-06-08 05:24:34'),(179,'طالقان',4,'2021-06-08 05:24:34','2021-06-08 05:24:34'),(180,'شهرجدیدهشتگرد',4,'2021-06-08 05:24:34','2021-06-08 05:24:34'),(181,'محمدشهر',4,'2021-06-08 05:24:34','2021-06-08 05:24:34'),(182,'مشکین دشت',4,'2021-06-08 05:24:34','2021-06-08 05:24:34'),(183,'نظرآباد',4,'2021-06-08 05:24:34','2021-06-08 05:24:34'),(184,'هشتگرد',4,'2021-06-08 05:24:34','2021-06-08 05:24:34'),(185,'ماهدشت',4,'2021-06-08 05:24:34','2021-06-08 05:24:34'),(186,'اشتهارد',4,'2021-06-08 05:24:34','2021-06-08 05:24:34'),(187,'کوهسار',4,'2021-06-08 05:24:34','2021-06-08 05:24:34'),(188,'گرمدره',4,'2021-06-08 05:24:34','2021-06-08 05:24:34'),(189,'تنکمان',4,'2021-06-08 05:24:34','2021-06-08 05:24:34'),(190,'گلسار',4,'2021-06-08 05:24:34','2021-06-08 05:24:34'),(191,'کمال شهر',4,'2021-06-08 05:24:34','2021-06-08 05:24:34'),(192,'فردیس',4,'2021-06-08 05:24:34','2021-06-08 05:24:34'),(193,'آبدانان',5,'2021-06-08 05:24:34','2021-06-08 05:24:34'),(194,'شباب',5,'2021-06-08 05:24:34','2021-06-08 05:24:34'),(195,'موسیان',5,'2021-06-08 05:24:34','2021-06-08 05:24:34'),(196,'بدره',5,'2021-06-08 05:24:34','2021-06-08 05:24:34'),(197,'ایلام',5,'2021-06-08 05:24:34','2021-06-08 05:24:34'),(198,'ایوان',5,'2021-06-08 05:24:34','2021-06-08 05:24:34'),(199,'مهران',5,'2021-06-08 05:24:34','2021-06-08 05:24:34'),(200,'آسمان آباد',5,'2021-06-08 05:24:34','2021-06-08 05:24:34'),(201,'پهله',5,'2021-06-08 05:24:34','2021-06-08 05:24:34'),(202,'مهر',5,'2021-06-08 05:24:34','2021-06-08 05:24:34'),(203,'سراب باغ',5,'2021-06-08 05:24:34','2021-06-08 05:24:34'),(204,'بلاوه',5,'2021-06-08 05:24:34','2021-06-08 05:24:34'),(205,'میمه',5,'2021-06-08 05:24:34','2021-06-08 05:24:34'),(206,'دره شهر',5,'2021-06-08 05:24:34','2021-06-08 05:24:34'),(207,'ارکواز',5,'2021-06-08 05:24:34','2021-06-08 05:24:34'),(208,'مورموری',5,'2021-06-08 05:24:34','2021-06-08 05:24:34'),(209,'توحید',5,'2021-06-08 05:24:34','2021-06-08 05:24:34'),(210,'دهلران',5,'2021-06-08 05:24:34','2021-06-08 05:24:34'),(211,'لومار',5,'2021-06-08 05:24:34','2021-06-08 05:24:34'),(212,'چوار',5,'2021-06-08 05:24:34','2021-06-08 05:24:34'),(213,'زرنه',5,'2021-06-08 05:24:34','2021-06-08 05:24:34'),(214,'صالح آباد',5,'2021-06-08 05:24:34','2021-06-08 05:24:34'),(215,'سرابله',5,'2021-06-08 05:24:34','2021-06-08 05:24:34'),(216,'ماژین',5,'2021-06-08 05:24:34','2021-06-08 05:24:34'),(217,'دلگشا',5,'2021-06-08 05:24:34','2021-06-08 05:24:34'),(218,'ریز',6,'2021-06-08 05:24:34','2021-06-08 05:24:34'),(219,'برازجان',6,'2021-06-08 05:24:34','2021-06-08 05:24:34'),(220,'بندرریگ',6,'2021-06-08 05:24:34','2021-06-08 05:24:34'),(221,'اهرم',6,'2021-06-08 05:24:34','2021-06-08 05:24:34'),(222,'دوراهک',6,'2021-06-08 05:24:34','2021-06-08 05:24:34'),(223,'خورموج',6,'2021-06-08 05:24:34','2021-06-08 05:24:34'),(224,'نخل تقی',6,'2021-06-08 05:24:34','2021-06-08 05:24:34'),(225,'کلمه',6,'2021-06-08 05:24:34','2021-06-08 05:24:34'),(226,'بندردیلم',6,'2021-06-08 05:24:34','2021-06-08 05:24:34'),(227,'وحدتیه',6,'2021-06-08 05:24:34','2021-06-08 05:24:34'),(228,'بنک',6,'2021-06-08 05:24:34','2021-06-08 05:24:34'),(229,'چغادک',6,'2021-06-08 05:24:34','2021-06-08 05:24:34'),(230,'بندردیر',6,'2021-06-08 05:24:34','2021-06-08 05:24:34'),(231,'کاکی',6,'2021-06-08 05:24:34','2021-06-08 05:24:34'),(232,'جم',6,'2021-06-08 05:24:34','2021-06-08 05:24:34'),(233,'دالکی',6,'2021-06-08 05:24:34','2021-06-08 05:24:34'),(234,'بندرگناوه',6,'2021-06-08 05:24:34','2021-06-08 05:24:34'),(235,'آباد',6,'2021-06-08 05:24:34','2021-06-08 05:24:34'),(236,'آبدان',6,'2021-06-08 05:24:34','2021-06-08 05:24:34'),(237,'خارک',6,'2021-06-08 05:24:34','2021-06-08 05:24:34'),(238,'شنبه',6,'2021-06-08 05:24:34','2021-06-08 05:24:34'),(239,'بوشکان',6,'2021-06-08 05:24:34','2021-06-08 05:24:34'),(240,'انارستان',6,'2021-06-08 05:24:34','2021-06-08 05:24:34'),(241,'شبانکاره',6,'2021-06-08 05:24:34','2021-06-08 05:24:34'),(242,'سیراف',6,'2021-06-08 05:24:34','2021-06-08 05:24:34'),(243,'دلوار',6,'2021-06-08 05:24:34','2021-06-08 05:24:34'),(244,'بردستان',6,'2021-06-08 05:24:34','2021-06-08 05:24:34'),(245,'بادوله',6,'2021-06-08 05:24:34','2021-06-08 05:24:34'),(246,'عسلویه',6,'2021-06-08 05:24:34','2021-06-08 05:24:34'),(247,'تنگ ارم',6,'2021-06-08 05:24:34','2021-06-08 05:24:34'),(248,'امام حسن',6,'2021-06-08 05:24:34','2021-06-08 05:24:34'),(249,'سعد آباد',6,'2021-06-08 05:24:34','2021-06-08 05:24:34'),(250,'بندرکنگان',6,'2021-06-08 05:24:34','2021-06-08 05:24:34'),(251,'بوشهر',6,'2021-06-08 05:24:34','2021-06-08 05:24:34'),(252,'بردخون',6,'2021-06-08 05:24:34','2021-06-08 05:24:34'),(253,'آب پخش',6,'2021-06-08 05:24:34','2021-06-08 05:24:34'),(254,'شاهدشهر',7,'2021-06-08 05:24:34','2021-06-08 05:24:34'),(255,'پیشوا',7,'2021-06-08 05:24:34','2021-06-08 05:24:34'),(256,'جوادآباد',7,'2021-06-08 05:24:34','2021-06-08 05:24:34'),(257,'ارجمند',7,'2021-06-08 05:24:34','2021-06-08 05:24:34'),(258,'ری',7,'2021-06-08 05:24:34','2021-06-08 05:24:34'),(259,'نصیرشهر',7,'2021-06-08 05:24:34','2021-06-08 05:24:34'),(260,'رودهن',7,'2021-06-08 05:24:34','2021-06-08 05:24:34'),(261,'اندیشه',7,'2021-06-08 05:24:34','2021-06-08 05:24:34'),(262,'نسیم شهر',7,'2021-06-08 05:24:34','2021-06-08 05:24:34'),(263,'صباشهر',7,'2021-06-08 05:24:34','2021-06-08 05:24:34'),(264,'ملارد',7,'2021-06-08 05:24:34','2021-06-08 05:24:34'),(265,'شمشک',7,'2021-06-08 05:24:34','2021-06-08 05:24:34'),(266,'پاکدشت',7,'2021-06-08 05:24:34','2021-06-08 05:24:34'),(267,'باقرشهر',7,'2021-06-08 05:24:34','2021-06-08 05:24:34'),(268,'احمد آباد مستوفی',7,'2021-06-08 05:24:34','2021-06-08 05:24:34'),(269,'کیلان',7,'2021-06-08 05:24:34','2021-06-08 05:24:34'),(270,'قرچک',7,'2021-06-08 05:24:34','2021-06-08 05:24:34'),(271,'فردوسیه',7,'2021-06-08 05:24:34','2021-06-08 05:24:34'),(272,'گلستان',7,'2021-06-08 05:24:34','2021-06-08 05:24:34'),(273,'ورامین',7,'2021-06-08 05:24:34','2021-06-08 05:24:34'),(274,'فیروزکوه',7,'2021-06-08 05:24:34','2021-06-08 05:24:34'),(275,'فشم',7,'2021-06-08 05:24:34','2021-06-08 05:24:34'),(276,'پرند',7,'2021-06-08 05:24:34','2021-06-08 05:24:34'),(277,'آبعلی',7,'2021-06-08 05:24:34','2021-06-08 05:24:34'),(278,'چهاردانگه',7,'2021-06-08 05:24:34','2021-06-08 05:24:34'),(279,'تهران',7,'2021-06-08 05:24:34','2021-06-08 05:24:34'),(280,'بومهن',7,'2021-06-08 05:24:34','2021-06-08 05:24:34'),(281,'وحیدیه',7,'2021-06-08 05:24:34','2021-06-08 05:24:34'),(282,'صفادشت',7,'2021-06-08 05:24:34','2021-06-08 05:24:34'),(283,'لواسان',7,'2021-06-08 05:24:34','2021-06-08 05:24:34'),(284,'فرون اباد',7,'2021-06-08 05:24:34','2021-06-08 05:24:34'),(285,'کهریزک',7,'2021-06-08 05:24:34','2021-06-08 05:24:34'),(286,'رباطکریم',7,'2021-06-08 05:24:34','2021-06-08 05:24:34'),(287,'آبسرد',7,'2021-06-08 05:24:34','2021-06-08 05:24:34'),(288,'باغستان',7,'2021-06-08 05:24:34','2021-06-08 05:24:34'),(289,'صالحیه',7,'2021-06-08 05:24:34','2021-06-08 05:24:34'),(290,'شهریار',7,'2021-06-08 05:24:34','2021-06-08 05:24:34'),(291,'قدس',7,'2021-06-08 05:24:34','2021-06-08 05:24:34'),(292,'تجریش',7,'2021-06-08 05:24:34','2021-06-08 05:24:34'),(293,'شریف آباد',7,'2021-06-08 05:24:34','2021-06-08 05:24:34'),(294,'حسن آباد',7,'2021-06-08 05:24:34','2021-06-08 05:24:34'),(295,'اسلامشهر',7,'2021-06-08 05:24:34','2021-06-08 05:24:34'),(296,'دماوند',7,'2021-06-08 05:24:34','2021-06-08 05:24:34'),(297,'پردیس',7,'2021-06-08 05:24:34','2021-06-08 05:24:34'),(298,'وردنجان',8,'2021-06-08 05:24:34','2021-06-08 05:24:34'),(299,'گوجان',8,'2021-06-08 05:24:34','2021-06-08 05:24:34'),(300,'گهرو',8,'2021-06-08 05:24:34','2021-06-08 05:24:34'),(301,'سورشجان',8,'2021-06-08 05:24:34','2021-06-08 05:24:34'),(302,'سرخون',8,'2021-06-08 05:24:34','2021-06-08 05:24:34'),(303,'شهرکرد',8,'2021-06-08 05:24:34','2021-06-08 05:24:34'),(304,'منج',8,'2021-06-08 05:24:34','2021-06-08 05:24:34'),(305,'بروجن',8,'2021-06-08 05:24:34','2021-06-08 05:24:34'),(306,'پردنجان',8,'2021-06-08 05:24:34','2021-06-08 05:24:34'),(307,'سامان',8,'2021-06-08 05:24:34','2021-06-08 05:24:34'),(308,'فرخ شهر',8,'2021-06-08 05:24:34','2021-06-08 05:24:34'),(309,'صمصامی',8,'2021-06-08 05:24:34','2021-06-08 05:24:34'),(310,'طاقانک',8,'2021-06-08 05:24:34','2021-06-08 05:24:34'),(311,'کاج',8,'2021-06-08 05:24:34','2021-06-08 05:24:34'),(312,'نقنه',8,'2021-06-08 05:24:34','2021-06-08 05:24:34'),(313,'لردگان',8,'2021-06-08 05:24:34','2021-06-08 05:24:34'),(314,'باباحیدر',8,'2021-06-08 05:24:34','2021-06-08 05:24:34'),(315,'دستنا',8,'2021-06-08 05:24:34','2021-06-08 05:24:34'),(316,'سودجان',8,'2021-06-08 05:24:34','2021-06-08 05:24:34'),(317,'بازفت',8,'2021-06-08 05:24:34','2021-06-08 05:24:34'),(318,'هفشجان',8,'2021-06-08 05:24:34','2021-06-08 05:24:34'),(319,'سردشت',8,'2021-06-08 05:24:34','2021-06-08 05:24:34'),(320,'فرادبنه',8,'2021-06-08 05:24:34','2021-06-08 05:24:34'),(321,'چلیچه',8,'2021-06-08 05:24:34','2021-06-08 05:24:34'),(322,'بن',8,'2021-06-08 05:24:34','2021-06-08 05:24:34'),(323,'فارسان',8,'2021-06-08 05:24:34','2021-06-08 05:24:34'),(324,'شلمزار',8,'2021-06-08 05:24:34','2021-06-08 05:24:34'),(325,'نافچ',8,'2021-06-08 05:24:34','2021-06-08 05:24:34'),(326,'دشتک',8,'2021-06-08 05:24:34','2021-06-08 05:24:34'),(327,'بلداجی',8,'2021-06-08 05:24:34','2021-06-08 05:24:34'),(328,'آلونی',8,'2021-06-08 05:24:34','2021-06-08 05:24:34'),(329,'گندمان',8,'2021-06-08 05:24:34','2021-06-08 05:24:34'),(330,'جونقان',8,'2021-06-08 05:24:34','2021-06-08 05:24:34'),(331,'ناغان',8,'2021-06-08 05:24:34','2021-06-08 05:24:34'),(332,'هارونی',8,'2021-06-08 05:24:34','2021-06-08 05:24:34'),(333,'چلگرد',8,'2021-06-08 05:24:34','2021-06-08 05:24:34'),(334,'کیان',8,'2021-06-08 05:24:34','2021-06-08 05:24:34'),(335,'اردل',8,'2021-06-08 05:24:34','2021-06-08 05:24:34'),(336,'سفیددشت',8,'2021-06-08 05:24:34','2021-06-08 05:24:34'),(337,'مال خلیفه',8,'2021-06-08 05:24:34','2021-06-08 05:24:34'),(338,'اسلامیه',9,'2021-06-08 05:24:34','2021-06-08 05:24:34'),(339,'شوسف',9,'2021-06-08 05:24:34','2021-06-08 05:24:34'),(340,'قاین',9,'2021-06-08 05:24:34','2021-06-08 05:24:34'),(341,'عشق آباد',9,'2021-06-08 05:24:34','2021-06-08 05:24:34'),(342,'طبس مسینا',9,'2021-06-08 05:24:34','2021-06-08 05:24:34'),(343,'ارسک',9,'2021-06-08 05:24:34','2021-06-08 05:24:34'),(344,'آیسک',9,'2021-06-08 05:24:34','2021-06-08 05:24:34'),(345,'نیمبلوک',9,'2021-06-08 05:24:34','2021-06-08 05:24:34'),(346,'دیهوک',9,'2021-06-08 05:24:34','2021-06-08 05:24:34'),(347,'سربیشه',9,'2021-06-08 05:24:34','2021-06-08 05:24:34'),(348,'محمدشهر',9,'2021-06-08 05:24:34','2021-06-08 05:24:34'),(349,'بیرجند',9,'2021-06-08 05:24:34','2021-06-08 05:24:34'),(350,'فردوس',9,'2021-06-08 05:24:34','2021-06-08 05:24:34'),(351,'نهبندان',9,'2021-06-08 05:24:34','2021-06-08 05:24:34'),(352,'اسفدن',9,'2021-06-08 05:24:34','2021-06-08 05:24:34'),(353,'گزیک',9,'2021-06-08 05:24:34','2021-06-08 05:24:34'),(354,'حاجی آباد',9,'2021-06-08 05:24:34','2021-06-08 05:24:34'),(355,'سه قلعه',9,'2021-06-08 05:24:34','2021-06-08 05:24:34'),(356,'آرین شهر',9,'2021-06-08 05:24:34','2021-06-08 05:24:34'),(357,'مود',9,'2021-06-08 05:24:34','2021-06-08 05:24:34'),(358,'خوسف',9,'2021-06-08 05:24:34','2021-06-08 05:24:34'),(359,'قهستان',9,'2021-06-08 05:24:34','2021-06-08 05:24:34'),(360,'بشرویه',9,'2021-06-08 05:24:34','2021-06-08 05:24:34'),(361,'سرایان',9,'2021-06-08 05:24:34','2021-06-08 05:24:34'),(362,'خضری دشت بیاض',9,'2021-06-08 05:24:34','2021-06-08 05:24:34'),(363,'طبس',9,'2021-06-08 05:24:34','2021-06-08 05:24:34'),(364,'اسدیه',9,'2021-06-08 05:24:34','2021-06-08 05:24:34'),(365,'زهان',9,'2021-06-08 05:24:34','2021-06-08 05:24:34'),(366,'بار',10,'2021-06-08 05:24:34','2021-06-08 05:24:34'),(367,'نیل شهر',10,'2021-06-08 05:24:34','2021-06-08 05:24:34'),(368,'جنگل',10,'2021-06-08 05:24:34','2021-06-08 05:24:34'),(369,'درود',10,'2021-06-08 05:24:34','2021-06-08 05:24:34'),(370,'رباط سنگ',10,'2021-06-08 05:24:34','2021-06-08 05:24:34'),(371,'سلطان آباد',10,'2021-06-08 05:24:34','2021-06-08 05:24:34'),(372,'فریمان',10,'2021-06-08 05:24:34','2021-06-08 05:24:34'),(373,'گناباد',10,'2021-06-08 05:24:34','2021-06-08 05:24:34'),(374,'کاریز',10,'2021-06-08 05:24:34','2021-06-08 05:24:34'),(375,'همت آباد',10,'2021-06-08 05:24:34','2021-06-08 05:24:34'),(376,'سلامی',10,'2021-06-08 05:24:34','2021-06-08 05:24:34'),(377,'باجگیران',10,'2021-06-08 05:24:34','2021-06-08 05:24:34'),(378,'بجستان',10,'2021-06-08 05:24:34','2021-06-08 05:24:34'),(379,'چناران',10,'2021-06-08 05:24:34','2021-06-08 05:24:34'),(380,'درگز',10,'2021-06-08 05:24:34','2021-06-08 05:24:34'),(381,'کلات',10,'2021-06-08 05:24:34','2021-06-08 05:24:34'),(382,'چکنه',10,'2021-06-08 05:24:34','2021-06-08 05:24:34'),(383,'نصرآباد',10,'2021-06-08 05:24:34','2021-06-08 05:24:34'),(384,'بردسکن',10,'2021-06-08 05:24:34','2021-06-08 05:24:34'),(385,'مشهد',10,'2021-06-08 05:24:34','2021-06-08 05:24:34'),(386,'کدکن',10,'2021-06-08 05:24:34','2021-06-08 05:24:34'),(387,'نقاب',10,'2021-06-08 05:24:34','2021-06-08 05:24:34'),(388,'قلندرآباد',10,'2021-06-08 05:24:34','2021-06-08 05:24:34'),(389,'کاشمر',10,'2021-06-08 05:24:34','2021-06-08 05:24:34'),(390,'شاندیز',10,'2021-06-08 05:24:34','2021-06-08 05:24:34'),(391,'نشتیفان',10,'2021-06-08 05:24:34','2021-06-08 05:24:34'),(392,'ششتمد',10,'2021-06-08 05:24:34','2021-06-08 05:24:34'),(393,'شادمهر',10,'2021-06-08 05:24:34','2021-06-08 05:24:34'),(394,'عشق آباد',10,'2021-06-08 05:24:34','2021-06-08 05:24:34'),(395,'چاپشلو',10,'2021-06-08 05:24:34','2021-06-08 05:24:34'),(396,'رشتخوار',10,'2021-06-08 05:24:34','2021-06-08 05:24:34'),(397,'قدمگاه',10,'2021-06-08 05:24:34','2021-06-08 05:24:34'),(398,'صالح آباد',10,'2021-06-08 05:24:34','2021-06-08 05:24:34'),(399,'داورزن',10,'2021-06-08 05:24:34','2021-06-08 05:24:34'),(400,'فرهادگرد',10,'2021-06-08 05:24:34','2021-06-08 05:24:34'),(401,'کاخک',10,'2021-06-08 05:24:34','2021-06-08 05:24:34'),(402,'مشهدریزه',10,'2021-06-08 05:24:34','2021-06-08 05:24:34'),(403,'جغتای',10,'2021-06-08 05:24:34','2021-06-08 05:24:34'),(404,'مزدآوند',10,'2021-06-08 05:24:34','2021-06-08 05:24:34'),(405,'قوچان',10,'2021-06-08 05:24:34','2021-06-08 05:24:34'),(406,'یونسی',10,'2021-06-08 05:24:34','2021-06-08 05:24:34'),(407,'سنگان',10,'2021-06-08 05:24:34','2021-06-08 05:24:34'),(408,'نوخندان',10,'2021-06-08 05:24:34','2021-06-08 05:24:34'),(409,'کندر',10,'2021-06-08 05:24:34','2021-06-08 05:24:34'),(410,'نیشابور',10,'2021-06-08 05:24:34','2021-06-08 05:24:34'),(411,'احمدابادصولت',10,'2021-06-08 05:24:34','2021-06-08 05:24:34'),(412,'شهراباد',10,'2021-06-08 05:24:34','2021-06-08 05:24:34'),(413,'رضویه',10,'2021-06-08 05:24:34','2021-06-08 05:24:34'),(414,'تربت حیدریه',10,'2021-06-08 05:24:34','2021-06-08 05:24:34'),(415,'باخرز',10,'2021-06-08 05:24:34','2021-06-08 05:24:34'),(416,'سفیدسنگ',10,'2021-06-08 05:24:34','2021-06-08 05:24:34'),(417,'بیدخت',10,'2021-06-08 05:24:34','2021-06-08 05:24:34'),(418,'تایباد',10,'2021-06-08 05:24:34','2021-06-08 05:24:34'),(419,'فیروزه',10,'2021-06-08 05:24:34','2021-06-08 05:24:34'),(420,'قاسم آباد',10,'2021-06-08 05:24:34','2021-06-08 05:24:34'),(421,'سبزوار',10,'2021-06-08 05:24:34','2021-06-08 05:24:34'),(422,'فیض آباد',10,'2021-06-08 05:24:34','2021-06-08 05:24:34'),(423,'گلمکان',10,'2021-06-08 05:24:34','2021-06-08 05:24:34'),(424,'لطف آباد',10,'2021-06-08 05:24:34','2021-06-08 05:24:34'),(425,'شهرزو',10,'2021-06-08 05:24:34','2021-06-08 05:24:34'),(426,'خرو',10,'2021-06-08 05:24:34','2021-06-08 05:24:34'),(427,'تربت جام',10,'2021-06-08 05:24:34','2021-06-08 05:24:34'),(428,'انابد',10,'2021-06-08 05:24:34','2021-06-08 05:24:34'),(429,'ملک آباد',10,'2021-06-08 05:24:34','2021-06-08 05:24:34'),(430,'بایک',10,'2021-06-08 05:24:34','2021-06-08 05:24:34'),(431,'دولت آباد',10,'2021-06-08 05:24:34','2021-06-08 05:24:34'),(432,'سرخس',10,'2021-06-08 05:24:34','2021-06-08 05:24:34'),(433,'ریوش',10,'2021-06-08 05:24:34','2021-06-08 05:24:34'),(434,'طرقبه',10,'2021-06-08 05:24:34','2021-06-08 05:24:34'),(435,'خواف',10,'2021-06-08 05:24:34','2021-06-08 05:24:34'),(436,'روداب',10,'2021-06-08 05:24:34','2021-06-08 05:24:34'),(437,'خلیل آباد',10,'2021-06-08 05:24:34','2021-06-08 05:24:34'),(438,'چناران شهر',11,'2021-06-08 05:24:34','2021-06-08 05:24:34'),(439,'راز',11,'2021-06-08 05:24:34','2021-06-08 05:24:34'),(440,'پیش قلعه',11,'2021-06-08 05:24:34','2021-06-08 05:24:34'),(441,'قوشخانه',11,'2021-06-08 05:24:34','2021-06-08 05:24:34'),(442,'شوقان',11,'2021-06-08 05:24:34','2021-06-08 05:24:34'),(443,'اسفراین',11,'2021-06-08 05:24:34','2021-06-08 05:24:34'),(444,'گرمه',11,'2021-06-08 05:24:34','2021-06-08 05:24:34'),(445,'قاضی',11,'2021-06-08 05:24:34','2021-06-08 05:24:34'),(446,'شیروان',11,'2021-06-08 05:24:34','2021-06-08 05:24:34'),(447,'حصارگرمخان',11,'2021-06-08 05:24:34','2021-06-08 05:24:34'),(448,'آشخانه',11,'2021-06-08 05:24:34','2021-06-08 05:24:34'),(449,'تیتکانلو',11,'2021-06-08 05:24:34','2021-06-08 05:24:34'),(450,'جاجرم',11,'2021-06-08 05:24:34','2021-06-08 05:24:34'),(451,'بجنورد',11,'2021-06-08 05:24:34','2021-06-08 05:24:34'),(452,'درق',11,'2021-06-08 05:24:34','2021-06-08 05:24:34'),(453,'آوا',11,'2021-06-08 05:24:34','2021-06-08 05:24:34'),(454,'زیارت',11,'2021-06-08 05:24:34','2021-06-08 05:24:34'),(455,'سنخواست',11,'2021-06-08 05:24:34','2021-06-08 05:24:34'),(456,'صفی آباد',11,'2021-06-08 05:24:34','2021-06-08 05:24:34'),(457,'ایور',11,'2021-06-08 05:24:34','2021-06-08 05:24:34'),(458,'فاروج',11,'2021-06-08 05:24:34','2021-06-08 05:24:34'),(459,'لوجلی',11,'2021-06-08 05:24:34','2021-06-08 05:24:34'),(460,'هفتگل',12,'2021-06-08 05:24:34','2021-06-08 05:24:34'),(461,'بیدروبه',12,'2021-06-08 05:24:34','2021-06-08 05:24:34'),(462,'شاوور',12,'2021-06-08 05:24:34','2021-06-08 05:24:34'),(463,'حمزه',12,'2021-06-08 05:24:34','2021-06-08 05:24:34'),(464,'گتوند',12,'2021-06-08 05:24:34','2021-06-08 05:24:34'),(465,'شرافت',12,'2021-06-08 05:24:34','2021-06-08 05:24:34'),(466,'منصوریه',12,'2021-06-08 05:24:34','2021-06-08 05:24:34'),(467,'زهره',12,'2021-06-08 05:24:34','2021-06-08 05:24:34'),(468,'رامهرمز',12,'2021-06-08 05:24:34','2021-06-08 05:24:34'),(469,'بندرامام خمینی',12,'2021-06-08 05:24:34','2021-06-08 05:24:34'),(470,'کوت عبداله',12,'2021-06-08 05:24:34','2021-06-08 05:24:34'),(471,'میداود',12,'2021-06-08 05:24:34','2021-06-08 05:24:34'),(472,'چغامیش',12,'2021-06-08 05:24:34','2021-06-08 05:24:34'),(473,'ملاثانی',12,'2021-06-08 05:24:34','2021-06-08 05:24:34'),(474,'چم گلک',12,'2021-06-08 05:24:34','2021-06-08 05:24:34'),(475,'حر',12,'2021-06-08 05:24:34','2021-06-08 05:24:34'),(476,'شمس آباد',12,'2021-06-08 05:24:34','2021-06-08 05:24:34'),(477,'آبژدان',12,'2021-06-08 05:24:34','2021-06-08 05:24:34'),(478,'چویبده',12,'2021-06-08 05:24:34','2021-06-08 05:24:34'),(479,'مسجدسلیمان',12,'2021-06-08 05:24:34','2021-06-08 05:24:34'),(480,'مقاومت',12,'2021-06-08 05:24:34','2021-06-08 05:24:34'),(481,'ترکالکی',12,'2021-06-08 05:24:34','2021-06-08 05:24:34'),(482,'دارخوین',12,'2021-06-08 05:24:34','2021-06-08 05:24:34'),(483,'سردشت',12,'2021-06-08 05:24:34','2021-06-08 05:24:34'),(484,'لالی',12,'2021-06-08 05:24:34','2021-06-08 05:24:34'),(485,'کوت سیدنعیم',12,'2021-06-08 05:24:34','2021-06-08 05:24:34'),(486,'حمیدیه',12,'2021-06-08 05:24:34','2021-06-08 05:24:34'),(487,'دهدز',12,'2021-06-08 05:24:34','2021-06-08 05:24:34'),(488,'قلعه تل',12,'2021-06-08 05:24:34','2021-06-08 05:24:34'),(489,'میانرود',12,'2021-06-08 05:24:34','2021-06-08 05:24:34'),(490,'رفیع',12,'2021-06-08 05:24:34','2021-06-08 05:24:34'),(491,'اندیمشک',12,'2021-06-08 05:24:34','2021-06-08 05:24:34'),(492,'الوان',12,'2021-06-08 05:24:34','2021-06-08 05:24:34'),(493,'سالند',12,'2021-06-08 05:24:34','2021-06-08 05:24:34'),(494,'صالح شهر',12,'2021-06-08 05:24:34','2021-06-08 05:24:34'),(495,'اروندکنار',12,'2021-06-08 05:24:34','2021-06-08 05:24:34'),(496,'سرداران',12,'2021-06-08 05:24:34','2021-06-08 05:24:34'),(497,'تشان',12,'2021-06-08 05:24:34','2021-06-08 05:24:34'),(498,'رامشیر',12,'2021-06-08 05:24:34','2021-06-08 05:24:34'),(499,'شادگان',12,'2021-06-08 05:24:34','2021-06-08 05:24:34'),(500,'بندرماهشهر',12,'2021-06-08 05:24:34','2021-06-08 05:24:34'),(501,'جایزان',12,'2021-06-08 05:24:34','2021-06-08 05:24:34'),(502,'بستان',12,'2021-06-08 05:24:34','2021-06-08 05:24:34'),(503,'ویس',12,'2021-06-08 05:24:34','2021-06-08 05:24:34'),(504,'اهواز',12,'2021-06-08 05:24:34','2021-06-08 05:24:34'),(505,'فتح المبین',12,'2021-06-08 05:24:34','2021-06-08 05:24:34'),(506,'شهر امام',12,'2021-06-08 05:24:34','2021-06-08 05:24:34'),(507,'قلعه خواجه',12,'2021-06-08 05:24:34','2021-06-08 05:24:34'),(508,'حسینیه',12,'2021-06-08 05:24:34','2021-06-08 05:24:34'),(509,'گلگیر',12,'2021-06-08 05:24:34','2021-06-08 05:24:34'),(510,'مینوشهر',12,'2021-06-08 05:24:34','2021-06-08 05:24:34'),(511,'سماله',12,'2021-06-08 05:24:34','2021-06-08 05:24:34'),(512,'شوشتر',12,'2021-06-08 05:24:34','2021-06-08 05:24:34'),(513,'بهبهان',12,'2021-06-08 05:24:34','2021-06-08 05:24:34'),(514,'هندیجان',12,'2021-06-08 05:24:34','2021-06-08 05:24:34'),(515,'ابوحمیظه',12,'2021-06-08 05:24:34','2021-06-08 05:24:34'),(516,'آغاجاری',12,'2021-06-08 05:24:34','2021-06-08 05:24:34'),(517,'ایذه',12,'2021-06-08 05:24:34','2021-06-08 05:24:34'),(518,'صیدون',12,'2021-06-08 05:24:34','2021-06-08 05:24:34'),(519,'سیاه منصور',12,'2021-06-08 05:24:34','2021-06-08 05:24:34'),(520,'هویزه',12,'2021-06-08 05:24:34','2021-06-08 05:24:34'),(521,'آزادی',12,'2021-06-08 05:24:34','2021-06-08 05:24:34'),(522,'شوش',12,'2021-06-08 05:24:34','2021-06-08 05:24:34'),(523,'دزفول',12,'2021-06-08 05:24:34','2021-06-08 05:24:34'),(524,'جنت مکان',12,'2021-06-08 05:24:34','2021-06-08 05:24:34'),(525,'آبادان',12,'2021-06-08 05:24:34','2021-06-08 05:24:34'),(526,'گوریه',12,'2021-06-08 05:24:34','2021-06-08 05:24:34'),(527,'خرمشهر',12,'2021-06-08 05:24:34','2021-06-08 05:24:34'),(528,'مشراگه',12,'2021-06-08 05:24:34','2021-06-08 05:24:34'),(529,'خنافره',12,'2021-06-08 05:24:34','2021-06-08 05:24:34'),(530,'چمران',12,'2021-06-08 05:24:34','2021-06-08 05:24:34'),(531,'امیدیه',12,'2021-06-08 05:24:34','2021-06-08 05:24:34'),(532,'سوسنگرد',12,'2021-06-08 05:24:34','2021-06-08 05:24:34'),(533,'شیبان',12,'2021-06-08 05:24:34','2021-06-08 05:24:34'),(534,'الهایی',12,'2021-06-08 05:24:34','2021-06-08 05:24:34'),(535,'باغ ملک',12,'2021-06-08 05:24:34','2021-06-08 05:24:34'),(536,'صفی آباد',12,'2021-06-08 05:24:34','2021-06-08 05:24:34'),(537,'سجاس',13,'2021-06-08 05:24:34','2021-06-08 05:24:34'),(538,'زرین رود',13,'2021-06-08 05:24:34','2021-06-08 05:24:34'),(539,'آب بر',13,'2021-06-08 05:24:34','2021-06-08 05:24:34'),(540,'ارمغانخانه',13,'2021-06-08 05:24:34','2021-06-08 05:24:34'),(541,'کرسف',13,'2021-06-08 05:24:34','2021-06-08 05:24:34'),(542,'هیدج',13,'2021-06-08 05:24:34','2021-06-08 05:24:34'),(543,'سلطانیه',13,'2021-06-08 05:24:34','2021-06-08 05:24:34'),(544,'خرمدره',13,'2021-06-08 05:24:34','2021-06-08 05:24:34'),(545,'نیک پی',13,'2021-06-08 05:24:34','2021-06-08 05:24:34'),(546,'قیدار',13,'2021-06-08 05:24:34','2021-06-08 05:24:34'),(547,'ابهر',13,'2021-06-08 05:24:34','2021-06-08 05:24:34'),(548,'دندی',13,'2021-06-08 05:24:34','2021-06-08 05:24:34'),(549,'حلب',13,'2021-06-08 05:24:34','2021-06-08 05:24:34'),(550,'نوربهار',13,'2021-06-08 05:24:34','2021-06-08 05:24:34'),(551,'گرماب',13,'2021-06-08 05:24:34','2021-06-08 05:24:34'),(552,'چورزق',13,'2021-06-08 05:24:34','2021-06-08 05:24:34'),(553,'زنجان',13,'2021-06-08 05:24:34','2021-06-08 05:24:34'),(554,'سهرورد',13,'2021-06-08 05:24:34','2021-06-08 05:24:34'),(555,'صایین قلعه',13,'2021-06-08 05:24:34','2021-06-08 05:24:34'),(556,'ماه نشان',13,'2021-06-08 05:24:34','2021-06-08 05:24:34'),(557,'زرین آباد',13,'2021-06-08 05:24:34','2021-06-08 05:24:34'),(558,'ایوانکی',14,'2021-06-08 05:24:34','2021-06-08 05:24:34'),(559,'مجن',14,'2021-06-08 05:24:34','2021-06-08 05:24:34'),(560,'دامغان',14,'2021-06-08 05:24:34','2021-06-08 05:24:34'),(561,'سرخه',14,'2021-06-08 05:24:34','2021-06-08 05:24:34'),(562,'مهدی شهر',14,'2021-06-08 05:24:34','2021-06-08 05:24:34'),(563,'شاهرود',14,'2021-06-08 05:24:34','2021-06-08 05:24:34'),(564,'سمنان',14,'2021-06-08 05:24:34','2021-06-08 05:24:34'),(565,'کهن آباد',14,'2021-06-08 05:24:34','2021-06-08 05:24:34'),(566,'گرمسار',14,'2021-06-08 05:24:34','2021-06-08 05:24:34'),(567,'کلاته خیج',14,'2021-06-08 05:24:34','2021-06-08 05:24:34'),(568,'دیباج',14,'2021-06-08 05:24:34','2021-06-08 05:24:34'),(569,'درجزین',14,'2021-06-08 05:24:34','2021-06-08 05:24:34'),(570,'رودیان',14,'2021-06-08 05:24:34','2021-06-08 05:24:34'),(571,'بسطام',14,'2021-06-08 05:24:34','2021-06-08 05:24:34'),(572,'امیریه',14,'2021-06-08 05:24:34','2021-06-08 05:24:34'),(573,'میامی',14,'2021-06-08 05:24:34','2021-06-08 05:24:34'),(574,'شهمیرزاد',14,'2021-06-08 05:24:34','2021-06-08 05:24:34'),(575,'بیارجمند',14,'2021-06-08 05:24:34','2021-06-08 05:24:34'),(576,'کلاته',14,'2021-06-08 05:24:34','2021-06-08 05:24:34'),(577,'آرادان',14,'2021-06-08 05:24:34','2021-06-08 05:24:34'),(578,'محمدی',15,'2021-06-08 05:24:34','2021-06-08 05:24:34'),(579,'شهرک علی اکبر',15,'2021-06-08 05:24:34','2021-06-08 05:24:34'),(580,'بنجار',15,'2021-06-08 05:24:34','2021-06-08 05:24:34'),(581,'گلمورتی',15,'2021-06-08 05:24:34','2021-06-08 05:24:34'),(582,'نگور',15,'2021-06-08 05:24:34','2021-06-08 05:24:34'),(583,'راسک',15,'2021-06-08 05:24:34','2021-06-08 05:24:34'),(584,'بنت',15,'2021-06-08 05:24:34','2021-06-08 05:24:34'),(585,'قصرقند',15,'2021-06-08 05:24:34','2021-06-08 05:24:34'),(586,'جالق',15,'2021-06-08 05:24:34','2021-06-08 05:24:34'),(587,'هیدوچ',15,'2021-06-08 05:24:34','2021-06-08 05:24:34'),(588,'نوک آباد',15,'2021-06-08 05:24:34','2021-06-08 05:24:34'),(589,'زهک',15,'2021-06-08 05:24:34','2021-06-08 05:24:34'),(590,'بمپور',15,'2021-06-08 05:24:34','2021-06-08 05:24:34'),(591,'پیشین',15,'2021-06-08 05:24:34','2021-06-08 05:24:34'),(592,'گشت',15,'2021-06-08 05:24:34','2021-06-08 05:24:34'),(593,'محمدآباد',15,'2021-06-08 05:24:34','2021-06-08 05:24:34'),(594,'زاهدان',15,'2021-06-08 05:24:34','2021-06-08 05:24:34'),(595,'زابلی',15,'2021-06-08 05:24:34','2021-06-08 05:24:34'),(596,'چاه بهار',15,'2021-06-08 05:24:34','2021-06-08 05:24:34'),(597,'زرآباد',15,'2021-06-08 05:24:34','2021-06-08 05:24:34'),(598,'بزمان',15,'2021-06-08 05:24:34','2021-06-08 05:24:34'),(599,'اسپکه',15,'2021-06-08 05:24:34','2021-06-08 05:24:34'),(600,'فنوج',15,'2021-06-08 05:24:34','2021-06-08 05:24:34'),(601,'سراوان',15,'2021-06-08 05:24:34','2021-06-08 05:24:34'),(602,'ادیمی',15,'2021-06-08 05:24:34','2021-06-08 05:24:34'),(603,'زابل',15,'2021-06-08 05:24:34','2021-06-08 05:24:34'),(604,'دوست محمد',15,'2021-06-08 05:24:34','2021-06-08 05:24:34'),(605,'ایرانشهر',15,'2021-06-08 05:24:34','2021-06-08 05:24:34'),(606,'سرباز',15,'2021-06-08 05:24:34','2021-06-08 05:24:34'),(607,'سیرکان',15,'2021-06-08 05:24:34','2021-06-08 05:24:34'),(608,'میرجاوه',15,'2021-06-08 05:24:34','2021-06-08 05:24:34'),(609,'نصرت آباد',15,'2021-06-08 05:24:34','2021-06-08 05:24:34'),(610,'سوران',15,'2021-06-08 05:24:34','2021-06-08 05:24:34'),(611,'خاش',15,'2021-06-08 05:24:34','2021-06-08 05:24:34'),(612,'کنارک',15,'2021-06-08 05:24:34','2021-06-08 05:24:34'),(613,'محمدان',15,'2021-06-08 05:24:34','2021-06-08 05:24:34'),(614,'نیک شهر',15,'2021-06-08 05:24:34','2021-06-08 05:24:34'),(615,'کازرون',16,'2021-06-08 05:24:34','2021-06-08 05:24:34'),(616,'کارزین (فتح آباد)',16,'2021-06-08 05:24:34','2021-06-08 05:24:34'),(617,'فدامی',16,'2021-06-08 05:24:34','2021-06-08 05:24:34'),(618,'خومه زار',16,'2021-06-08 05:24:34','2021-06-08 05:24:34'),(619,'سلطان شهر',16,'2021-06-08 05:24:34','2021-06-08 05:24:34'),(620,'فیروزآباد',16,'2021-06-08 05:24:34','2021-06-08 05:24:34'),(621,'دبیران',16,'2021-06-08 05:24:34','2021-06-08 05:24:34'),(622,'باب انار',16,'2021-06-08 05:24:34','2021-06-08 05:24:34'),(623,'رامجرد',16,'2021-06-08 05:24:34','2021-06-08 05:24:34'),(624,'سروستان',16,'2021-06-08 05:24:34','2021-06-08 05:24:34'),(625,'قره بلاغ',16,'2021-06-08 05:24:34','2021-06-08 05:24:34'),(626,'ارسنجان',16,'2021-06-08 05:24:34','2021-06-08 05:24:34'),(627,'دژکرد',16,'2021-06-08 05:24:34','2021-06-08 05:24:34'),(628,'بیرم',16,'2021-06-08 05:24:34','2021-06-08 05:24:34'),(629,'دهرم',16,'2021-06-08 05:24:34','2021-06-08 05:24:34'),(630,'شیراز',16,'2021-06-08 05:24:34','2021-06-08 05:24:34'),(631,'ایزدخواست',16,'2021-06-08 05:24:34','2021-06-08 05:24:34'),(632,'علامرودشت',16,'2021-06-08 05:24:34','2021-06-08 05:24:34'),(633,'اوز',16,'2021-06-08 05:24:34','2021-06-08 05:24:34'),(634,'وراوی',16,'2021-06-08 05:24:34','2021-06-08 05:24:34'),(635,'بیضا',16,'2021-06-08 05:24:34','2021-06-08 05:24:34'),(636,'نی ریز',16,'2021-06-08 05:24:34','2021-06-08 05:24:34'),(637,'کنارتخته',16,'2021-06-08 05:24:34','2021-06-08 05:24:34'),(638,'امام شهر',16,'2021-06-08 05:24:35','2021-06-08 05:24:35'),(639,'جهرم',16,'2021-06-08 05:24:35','2021-06-08 05:24:35'),(640,'بابامنیر',16,'2021-06-08 05:24:35','2021-06-08 05:24:35'),(641,'گراش',16,'2021-06-08 05:24:35','2021-06-08 05:24:35'),(642,'فسا',16,'2021-06-08 05:24:35','2021-06-08 05:24:35'),(643,'شهرپیر',16,'2021-06-08 05:24:35','2021-06-08 05:24:35'),(644,'حسن اباد',16,'2021-06-08 05:24:35','2021-06-08 05:24:35'),(645,'کامفیروز',16,'2021-06-08 05:24:35','2021-06-08 05:24:35'),(646,'خنج',16,'2021-06-08 05:24:35','2021-06-08 05:24:35'),(647,'خانه زنیان',16,'2021-06-08 05:24:35','2021-06-08 05:24:35'),(648,'استهبان',16,'2021-06-08 05:24:35','2021-06-08 05:24:35'),(649,'بوانات',16,'2021-06-08 05:24:35','2021-06-08 05:24:35'),(650,'لطیفی',16,'2021-06-08 05:24:35','2021-06-08 05:24:35'),(651,'فراشبند',16,'2021-06-08 05:24:35','2021-06-08 05:24:35'),(652,'زرقان',16,'2021-06-08 05:24:35','2021-06-08 05:24:35'),(653,'صغاد',16,'2021-06-08 05:24:35','2021-06-08 05:24:35'),(654,'اشکنان',16,'2021-06-08 05:24:35','2021-06-08 05:24:35'),(655,'قایمیه',16,'2021-06-08 05:24:35','2021-06-08 05:24:35'),(656,'گله دار',16,'2021-06-08 05:24:35','2021-06-08 05:24:35'),(657,'دوبرجی',16,'2021-06-08 05:24:35','2021-06-08 05:24:35'),(658,'آباده طشک',16,'2021-06-08 05:24:35','2021-06-08 05:24:35'),(659,'خرامه',16,'2021-06-08 05:24:35','2021-06-08 05:24:35'),(660,'میمند',16,'2021-06-08 05:24:35','2021-06-08 05:24:35'),(661,'افزر',16,'2021-06-08 05:24:35','2021-06-08 05:24:35'),(662,'دوزه',16,'2021-06-08 05:24:35','2021-06-08 05:24:35'),(663,'سیدان',16,'2021-06-08 05:24:35','2021-06-08 05:24:35'),(664,'کوپن',16,'2021-06-08 05:24:35','2021-06-08 05:24:35'),(665,'زاهدشهر',16,'2021-06-08 05:24:35','2021-06-08 05:24:35'),(666,'قادراباد',16,'2021-06-08 05:24:35','2021-06-08 05:24:35'),(667,'سده',16,'2021-06-08 05:24:35','2021-06-08 05:24:35'),(668,'بنارویه',16,'2021-06-08 05:24:35','2021-06-08 05:24:35'),(669,'سعادت شهر',16,'2021-06-08 05:24:35','2021-06-08 05:24:35'),(670,'شهرصدرا',16,'2021-06-08 05:24:35','2021-06-08 05:24:35'),(671,'سورمق',16,'2021-06-08 05:24:35','2021-06-08 05:24:35'),(672,'حسامی',16,'2021-06-08 05:24:35','2021-06-08 05:24:35'),(673,'جویم',16,'2021-06-08 05:24:35','2021-06-08 05:24:35'),(674,'خوزی',16,'2021-06-08 05:24:35','2021-06-08 05:24:35'),(675,'اردکان',16,'2021-06-08 05:24:35','2021-06-08 05:24:35'),(676,'قطرویه',16,'2021-06-08 05:24:35','2021-06-08 05:24:35'),(677,'نودان',16,'2021-06-08 05:24:35','2021-06-08 05:24:35'),(678,'مبارک آباددیز',16,'2021-06-08 05:24:35','2021-06-08 05:24:35'),(679,'داراب',16,'2021-06-08 05:24:35','2021-06-08 05:24:35'),(680,'نورآباد',16,'2021-06-08 05:24:35','2021-06-08 05:24:35'),(681,'کوار',16,'2021-06-08 05:24:35','2021-06-08 05:24:35'),(682,'نوبندگان',16,'2021-06-08 05:24:35','2021-06-08 05:24:35'),(683,'حاجی آباد',16,'2021-06-08 05:24:35','2021-06-08 05:24:35'),(684,'خاوران',16,'2021-06-08 05:24:35','2021-06-08 05:24:35'),(685,'مرودشت',16,'2021-06-08 05:24:35','2021-06-08 05:24:35'),(686,'کوهنجان',16,'2021-06-08 05:24:35','2021-06-08 05:24:35'),(687,'ششده',16,'2021-06-08 05:24:35','2021-06-08 05:24:35'),(688,'مزایجان',16,'2021-06-08 05:24:35','2021-06-08 05:24:35'),(689,'ایج',16,'2021-06-08 05:24:35','2021-06-08 05:24:35'),(690,'خور',16,'2021-06-08 05:24:35','2021-06-08 05:24:35'),(691,'نوجین',16,'2021-06-08 05:24:35','2021-06-08 05:24:35'),(692,'لپویی',16,'2021-06-08 05:24:35','2021-06-08 05:24:35'),(693,'بهمن',16,'2021-06-08 05:24:35','2021-06-08 05:24:35'),(694,'اهل',16,'2021-06-08 05:24:35','2021-06-08 05:24:35'),(695,'خشت',16,'2021-06-08 05:24:35','2021-06-08 05:24:35'),(696,'مهر',16,'2021-06-08 05:24:35','2021-06-08 05:24:35'),(697,'جنت شهر',16,'2021-06-08 05:24:35','2021-06-08 05:24:35'),(698,'مشکان',16,'2021-06-08 05:24:35','2021-06-08 05:24:35'),(699,'بالاده',16,'2021-06-08 05:24:35','2021-06-08 05:24:35'),(700,'قیر',16,'2021-06-08 05:24:35','2021-06-08 05:24:35'),(701,'قطب آباد',16,'2021-06-08 05:24:35','2021-06-08 05:24:35'),(702,'خانیمن',16,'2021-06-08 05:24:35','2021-06-08 05:24:35'),(703,'مصیری',16,'2021-06-08 05:24:35','2021-06-08 05:24:35'),(704,'میانشهر',16,'2021-06-08 05:24:35','2021-06-08 05:24:35'),(705,'صفاشهر',16,'2021-06-08 05:24:35','2021-06-08 05:24:35'),(706,'اقلید',16,'2021-06-08 05:24:35','2021-06-08 05:24:35'),(707,'عمادده',16,'2021-06-08 05:24:35','2021-06-08 05:24:35'),(708,'مادرسلیمان',16,'2021-06-08 05:24:35','2021-06-08 05:24:35'),(709,'داریان',16,'2021-06-08 05:24:35','2021-06-08 05:24:35'),(710,'رونیز',16,'2021-06-08 05:24:35','2021-06-08 05:24:35'),(711,'کره ای',16,'2021-06-08 05:24:35','2021-06-08 05:24:35'),(712,'لار',16,'2021-06-08 05:24:35','2021-06-08 05:24:35'),(713,'اسیر',16,'2021-06-08 05:24:35','2021-06-08 05:24:35'),(714,'هماشهر',16,'2021-06-08 05:24:35','2021-06-08 05:24:35'),(715,'آباده',16,'2021-06-08 05:24:35','2021-06-08 05:24:35'),(716,'لامرد',16,'2021-06-08 05:24:35','2021-06-08 05:24:35'),(717,'سگزآباد',17,'2021-06-08 05:24:35','2021-06-08 05:24:35'),(718,'بیدستان',17,'2021-06-08 05:24:35','2021-06-08 05:24:35'),(719,'کوهین',17,'2021-06-08 05:24:35','2021-06-08 05:24:35'),(720,'رازمیان',17,'2021-06-08 05:24:35','2021-06-08 05:24:35'),(721,'خرمدشت',17,'2021-06-08 05:24:35','2021-06-08 05:24:35'),(722,'آبگرم',17,'2021-06-08 05:24:35','2021-06-08 05:24:35'),(723,'شال',17,'2021-06-08 05:24:35','2021-06-08 05:24:35'),(724,'شریفیه',17,'2021-06-08 05:24:35','2021-06-08 05:24:35'),(725,'اقبالیه',17,'2021-06-08 05:24:35','2021-06-08 05:24:35'),(726,'نرجه',17,'2021-06-08 05:24:35','2021-06-08 05:24:35'),(727,'ارداق',17,'2021-06-08 05:24:35','2021-06-08 05:24:35'),(728,'الوند',17,'2021-06-08 05:24:35','2021-06-08 05:24:35'),(729,'خاکعلی',17,'2021-06-08 05:24:35','2021-06-08 05:24:35'),(730,'سیردان',17,'2021-06-08 05:24:35','2021-06-08 05:24:35'),(731,'ضیاڈآباد',17,'2021-06-08 05:24:35','2021-06-08 05:24:35'),(732,'بویین زهرا',17,'2021-06-08 05:24:35','2021-06-08 05:24:35'),(733,'محمدیه',17,'2021-06-08 05:24:35','2021-06-08 05:24:35'),(734,'محمودآبادنمونه',17,'2021-06-08 05:24:35','2021-06-08 05:24:35'),(735,'معلم کلایه',17,'2021-06-08 05:24:35','2021-06-08 05:24:35'),(736,'اسفرورین',17,'2021-06-08 05:24:35','2021-06-08 05:24:35'),(737,'آوج',17,'2021-06-08 05:24:35','2021-06-08 05:24:35'),(738,'دانسفهان',17,'2021-06-08 05:24:35','2021-06-08 05:24:35'),(739,'آبیک',17,'2021-06-08 05:24:35','2021-06-08 05:24:35'),(740,'قزوین',17,'2021-06-08 05:24:35','2021-06-08 05:24:35'),(741,'تاکستان',17,'2021-06-08 05:24:35','2021-06-08 05:24:35'),(742,'کهک',18,'2021-06-08 05:24:35','2021-06-08 05:24:35'),(743,'قم',18,'2021-06-08 05:24:35','2021-06-08 05:24:35'),(744,'سلفچگان',18,'2021-06-08 05:24:35','2021-06-08 05:24:35'),(745,'جعفریه',18,'2021-06-08 05:24:35','2021-06-08 05:24:35'),(746,'قنوات',18,'2021-06-08 05:24:35','2021-06-08 05:24:35'),(747,'دستجرد',18,'2021-06-08 05:24:35','2021-06-08 05:24:35'),(748,'قروه',19,'2021-06-08 05:24:35','2021-06-08 05:24:35'),(749,'توپ آغاج',19,'2021-06-08 05:24:35','2021-06-08 05:24:35'),(750,'سروآباد',19,'2021-06-08 05:24:35','2021-06-08 05:24:35'),(751,'بویین سفلی',19,'2021-06-08 05:24:35','2021-06-08 05:24:35'),(752,'زرینه',19,'2021-06-08 05:24:35','2021-06-08 05:24:35'),(753,'دلبران',19,'2021-06-08 05:24:35','2021-06-08 05:24:35'),(754,'سنندج',19,'2021-06-08 05:24:35','2021-06-08 05:24:35'),(755,'یاسوکند',19,'2021-06-08 05:24:35','2021-06-08 05:24:35'),(756,'موچش',19,'2021-06-08 05:24:35','2021-06-08 05:24:35'),(757,'بانه',19,'2021-06-08 05:24:35','2021-06-08 05:24:35'),(758,'مریوان',19,'2021-06-08 05:24:35','2021-06-08 05:24:35'),(759,'سریش آباد',19,'2021-06-08 05:24:35','2021-06-08 05:24:35'),(760,'صاحب',19,'2021-06-08 05:24:35','2021-06-08 05:24:35'),(761,'دهگلان',19,'2021-06-08 05:24:35','2021-06-08 05:24:35'),(762,'بابارشانی',19,'2021-06-08 05:24:35','2021-06-08 05:24:35'),(763,'دیواندره',19,'2021-06-08 05:24:35','2021-06-08 05:24:35'),(764,'برده رشه',19,'2021-06-08 05:24:35','2021-06-08 05:24:35'),(765,'شویشه',19,'2021-06-08 05:24:35','2021-06-08 05:24:35'),(766,'بیجار',19,'2021-06-08 05:24:35','2021-06-08 05:24:35'),(767,'اورامان تخت',19,'2021-06-08 05:24:35','2021-06-08 05:24:35'),(768,'کانی سور',19,'2021-06-08 05:24:35','2021-06-08 05:24:35'),(769,'کانی دینار',19,'2021-06-08 05:24:35','2021-06-08 05:24:35'),(770,'دزج',19,'2021-06-08 05:24:35','2021-06-08 05:24:35'),(771,'سقز',19,'2021-06-08 05:24:35','2021-06-08 05:24:35'),(772,'بلبان آباد',19,'2021-06-08 05:24:35','2021-06-08 05:24:35'),(773,'پیرتاج',19,'2021-06-08 05:24:35','2021-06-08 05:24:35'),(774,'کامیاران',19,'2021-06-08 05:24:35','2021-06-08 05:24:35'),(775,'آرمرده',19,'2021-06-08 05:24:35','2021-06-08 05:24:35'),(776,'چناره',19,'2021-06-08 05:24:35','2021-06-08 05:24:35'),(777,'کهنوج',20,'2021-06-08 05:24:35','2021-06-08 05:24:35'),(778,'بلوک',20,'2021-06-08 05:24:35','2021-06-08 05:24:35'),(779,'پاریز',20,'2021-06-08 05:24:35','2021-06-08 05:24:35'),(780,'گنبکی',20,'2021-06-08 05:24:35','2021-06-08 05:24:35'),(781,'زنگی آباد',20,'2021-06-08 05:24:35','2021-06-08 05:24:35'),(782,'بم',20,'2021-06-08 05:24:35','2021-06-08 05:24:35'),(783,'خانوک',20,'2021-06-08 05:24:35','2021-06-08 05:24:35'),(784,'کیانشهر',20,'2021-06-08 05:24:35','2021-06-08 05:24:35'),(785,'جوپار',20,'2021-06-08 05:24:35','2021-06-08 05:24:35'),(786,'عنبرآباد',20,'2021-06-08 05:24:35','2021-06-08 05:24:35'),(787,'جوزم',20,'2021-06-08 05:24:35','2021-06-08 05:24:35'),(788,'نظام شهر',20,'2021-06-08 05:24:35','2021-06-08 05:24:35'),(789,'لاله زار',20,'2021-06-08 05:24:35','2021-06-08 05:24:35'),(790,'کشکوییه',20,'2021-06-08 05:24:35','2021-06-08 05:24:35'),(791,'زیدآباد',20,'2021-06-08 05:24:35','2021-06-08 05:24:35'),(792,'هنزا',20,'2021-06-08 05:24:35','2021-06-08 05:24:35'),(793,'چترود',20,'2021-06-08 05:24:35','2021-06-08 05:24:35'),(794,'جبالبارز',20,'2021-06-08 05:24:35','2021-06-08 05:24:35'),(795,'سیرجان',20,'2021-06-08 05:24:35','2021-06-08 05:24:35'),(796,'رودبار',20,'2021-06-08 05:24:35','2021-06-08 05:24:35'),(797,'کرمان',20,'2021-06-08 05:24:35','2021-06-08 05:24:35'),(798,'بافت',20,'2021-06-08 05:24:35','2021-06-08 05:24:35'),(799,'صفاییه',20,'2021-06-08 05:24:35','2021-06-08 05:24:35'),(800,'منوجان',20,'2021-06-08 05:24:35','2021-06-08 05:24:35'),(801,'اندوهجرد',20,'2021-06-08 05:24:35','2021-06-08 05:24:35'),(802,'هجدک',20,'2021-06-08 05:24:35','2021-06-08 05:24:35'),(803,'خورسند',20,'2021-06-08 05:24:35','2021-06-08 05:24:35'),(804,'امین شهر',20,'2021-06-08 05:24:35','2021-06-08 05:24:35'),(805,'بردسیر',20,'2021-06-08 05:24:35','2021-06-08 05:24:35'),(806,'رفسنجان',20,'2021-06-08 05:24:35','2021-06-08 05:24:35'),(807,'هماشهر',20,'2021-06-08 05:24:35','2021-06-08 05:24:35'),(808,'محمدآباد',20,'2021-06-08 05:24:35','2021-06-08 05:24:35'),(809,'اختیارآباد',20,'2021-06-08 05:24:35','2021-06-08 05:24:35'),(810,'بروات',20,'2021-06-08 05:24:35','2021-06-08 05:24:35'),(811,'ریحان',20,'2021-06-08 05:24:35','2021-06-08 05:24:35'),(812,'کوهبنان',20,'2021-06-08 05:24:35','2021-06-08 05:24:35'),(813,'ماهان',20,'2021-06-08 05:24:35','2021-06-08 05:24:35'),(814,'دوساری',20,'2021-06-08 05:24:35','2021-06-08 05:24:35'),(815,'دهج',20,'2021-06-08 05:24:35','2021-06-08 05:24:35'),(816,'فاریاب',20,'2021-06-08 05:24:35','2021-06-08 05:24:35'),(817,'گلزار',20,'2021-06-08 05:24:35','2021-06-08 05:24:35'),(818,'بهرمان',20,'2021-06-08 05:24:35','2021-06-08 05:24:35'),(819,'بلورد',20,'2021-06-08 05:24:35','2021-06-08 05:24:35'),(820,'فهرج',20,'2021-06-08 05:24:35','2021-06-08 05:24:35'),(821,'کاظم آباد',20,'2021-06-08 05:24:35','2021-06-08 05:24:35'),(822,'جیرفت',20,'2021-06-08 05:24:35','2021-06-08 05:24:35'),(823,'نجف شهر',20,'2021-06-08 05:24:35','2021-06-08 05:24:35'),(824,'قلعه گنج',20,'2021-06-08 05:24:35','2021-06-08 05:24:35'),(825,'باغین',20,'2021-06-08 05:24:35','2021-06-08 05:24:35'),(826,'بزنجان',20,'2021-06-08 05:24:35','2021-06-08 05:24:35'),(827,'زرند',20,'2021-06-08 05:24:35','2021-06-08 05:24:35'),(828,'نودژ',20,'2021-06-08 05:24:35','2021-06-08 05:24:35'),(829,'گلباف',20,'2021-06-08 05:24:35','2021-06-08 05:24:35'),(830,'راور',20,'2021-06-08 05:24:35','2021-06-08 05:24:35'),(831,'خاتون اباد',20,'2021-06-08 05:24:35','2021-06-08 05:24:35'),(832,'نرماشیر',20,'2021-06-08 05:24:35','2021-06-08 05:24:35'),(833,'دشتکار',20,'2021-06-08 05:24:35','2021-06-08 05:24:35'),(834,'مس سرچشمه',20,'2021-06-08 05:24:35','2021-06-08 05:24:35'),(835,'خواجو شهر',20,'2021-06-08 05:24:35','2021-06-08 05:24:35'),(836,'رابر',20,'2021-06-08 05:24:35','2021-06-08 05:24:35'),(837,'راین',20,'2021-06-08 05:24:35','2021-06-08 05:24:35'),(838,'درب بهشت',20,'2021-06-08 05:24:35','2021-06-08 05:24:35'),(839,'یزدان شهر',20,'2021-06-08 05:24:35','2021-06-08 05:24:35'),(840,'زهکلوت',20,'2021-06-08 05:24:35','2021-06-08 05:24:35'),(841,'محی آباد',20,'2021-06-08 05:24:35','2021-06-08 05:24:35'),(842,'مردهک',20,'2021-06-08 05:24:35','2021-06-08 05:24:35'),(843,'شهداد',20,'2021-06-08 05:24:35','2021-06-08 05:24:35'),(844,'ارزوییه',20,'2021-06-08 05:24:35','2021-06-08 05:24:35'),(845,'نگار',20,'2021-06-08 05:24:35','2021-06-08 05:24:35'),(846,'شهربابک',20,'2021-06-08 05:24:35','2021-06-08 05:24:35'),(847,'انار',20,'2021-06-08 05:24:35','2021-06-08 05:24:35'),(848,'سنقر',21,'2021-06-08 05:24:35','2021-06-08 05:24:35'),(849,'شاهو',21,'2021-06-08 05:24:35','2021-06-08 05:24:35'),(850,'بانوره',21,'2021-06-08 05:24:35','2021-06-08 05:24:35'),(851,'تازه آباد',21,'2021-06-08 05:24:35','2021-06-08 05:24:35'),(852,'هلشی',21,'2021-06-08 05:24:35','2021-06-08 05:24:35'),(853,'جوانرود',21,'2021-06-08 05:24:35','2021-06-08 05:24:35'),(854,'قصرشیرین',21,'2021-06-08 05:24:35','2021-06-08 05:24:35'),(855,'نوسود',21,'2021-06-08 05:24:35','2021-06-08 05:24:35'),(856,'کرند',21,'2021-06-08 05:24:35','2021-06-08 05:24:35'),(857,'کوزران',21,'2021-06-08 05:24:35','2021-06-08 05:24:35'),(858,'بیستون',21,'2021-06-08 05:24:35','2021-06-08 05:24:35'),(859,'حمیل',21,'2021-06-08 05:24:35','2021-06-08 05:24:35'),(860,'گیلانغرب',21,'2021-06-08 05:24:35','2021-06-08 05:24:35'),(861,'سطر',21,'2021-06-08 05:24:35','2021-06-08 05:24:35'),(862,'روانسر',21,'2021-06-08 05:24:35','2021-06-08 05:24:35'),(863,'پاوه',21,'2021-06-08 05:24:35','2021-06-08 05:24:35'),(864,'ازگله',21,'2021-06-08 05:24:35','2021-06-08 05:24:35'),(865,'کرمانشاه',21,'2021-06-08 05:24:35','2021-06-08 05:24:35'),(866,'میان راهان',21,'2021-06-08 05:24:35','2021-06-08 05:24:35'),(867,'کنگاور',21,'2021-06-08 05:24:35','2021-06-08 05:24:35'),(868,'سرپل ذهاب',21,'2021-06-08 05:24:35','2021-06-08 05:24:35'),(869,'ریجاب',21,'2021-06-08 05:24:35','2021-06-08 05:24:35'),(870,'باینگان',21,'2021-06-08 05:24:35','2021-06-08 05:24:35'),(871,'هرسین',21,'2021-06-08 05:24:35','2021-06-08 05:24:35'),(872,'اسلام آبادغرب',21,'2021-06-08 05:24:35','2021-06-08 05:24:35'),(873,'سرمست',21,'2021-06-08 05:24:35','2021-06-08 05:24:35'),(874,'سومار',21,'2021-06-08 05:24:35','2021-06-08 05:24:35'),(875,'نودشه',21,'2021-06-08 05:24:35','2021-06-08 05:24:35'),(876,'گهواره',21,'2021-06-08 05:24:35','2021-06-08 05:24:35'),(877,'رباط',21,'2021-06-08 05:24:35','2021-06-08 05:24:35'),(878,'صحنه',21,'2021-06-08 05:24:35','2021-06-08 05:24:35'),(879,'گودین',21,'2021-06-08 05:24:35','2021-06-08 05:24:35'),(880,'گراب سفلی',22,'2021-06-08 05:24:35','2021-06-08 05:24:35'),(881,'لنده',22,'2021-06-08 05:24:35','2021-06-08 05:24:35'),(882,'سی سخت',22,'2021-06-08 05:24:35','2021-06-08 05:24:35'),(883,'دهدشت',22,'2021-06-08 05:24:35','2021-06-08 05:24:35'),(884,'یاسوج',22,'2021-06-08 05:24:35','2021-06-08 05:24:35'),(885,'سرفاریاب',22,'2021-06-08 05:24:35','2021-06-08 05:24:35'),(886,'دوگنبدان',22,'2021-06-08 05:24:35','2021-06-08 05:24:35'),(887,'چیتاب',22,'2021-06-08 05:24:35','2021-06-08 05:24:35'),(888,'لیکک',22,'2021-06-08 05:24:35','2021-06-08 05:24:35'),(889,'دیشموک',22,'2021-06-08 05:24:35','2021-06-08 05:24:35'),(890,'مادوان',22,'2021-06-08 05:24:35','2021-06-08 05:24:35'),(891,'باشت',22,'2021-06-08 05:24:35','2021-06-08 05:24:35'),(892,'پاتاوه',22,'2021-06-08 05:24:35','2021-06-08 05:24:35'),(893,'قلعه رییسی',22,'2021-06-08 05:24:35','2021-06-08 05:24:35'),(894,'مارگون',22,'2021-06-08 05:24:35','2021-06-08 05:24:35'),(895,'چرام',22,'2021-06-08 05:24:35','2021-06-08 05:24:35'),(896,'سوق',22,'2021-06-08 05:24:35','2021-06-08 05:24:35'),(897,'سیمین شهر',23,'2021-06-08 05:24:35','2021-06-08 05:24:35'),(898,'مزرعه',23,'2021-06-08 05:24:35','2021-06-08 05:24:35'),(899,'رامیان',23,'2021-06-08 05:24:35','2021-06-08 05:24:35'),(900,'فراغی',23,'2021-06-08 05:24:35','2021-06-08 05:24:35'),(901,'گنبدکاووس',23,'2021-06-08 05:24:35','2021-06-08 05:24:35'),(902,'کردکوی',23,'2021-06-08 05:24:35','2021-06-08 05:24:35'),(903,'مراوه',23,'2021-06-08 05:24:35','2021-06-08 05:24:35'),(904,'بندرترکمن',23,'2021-06-08 05:24:35','2021-06-08 05:24:35'),(905,'نگین شهر',23,'2021-06-08 05:24:35','2021-06-08 05:24:35'),(906,'آق قلا',23,'2021-06-08 05:24:35','2021-06-08 05:24:35'),(907,'سرخنکلاته',23,'2021-06-08 05:24:35','2021-06-08 05:24:35'),(908,'گالیکش',23,'2021-06-08 05:24:35','2021-06-08 05:24:35'),(909,'سنگدوین',23,'2021-06-08 05:24:35','2021-06-08 05:24:35'),(910,'دلند',23,'2021-06-08 05:24:35','2021-06-08 05:24:35'),(911,'بندرگز',23,'2021-06-08 05:24:35','2021-06-08 05:24:35'),(912,'نوده خاندوز',23,'2021-06-08 05:24:35','2021-06-08 05:24:35'),(913,'مینودشت',23,'2021-06-08 05:24:35','2021-06-08 05:24:35'),(914,'گرگان',23,'2021-06-08 05:24:35','2021-06-08 05:24:35'),(915,'گمیش تپه',23,'2021-06-08 05:24:35','2021-06-08 05:24:35'),(916,'علی اباد',23,'2021-06-08 05:24:35','2021-06-08 05:24:35'),(917,'خان ببین',23,'2021-06-08 05:24:35','2021-06-08 05:24:35'),(918,'کلاله',23,'2021-06-08 05:24:35','2021-06-08 05:24:35'),(919,'اینچه برون',23,'2021-06-08 05:24:35','2021-06-08 05:24:35'),(920,'فاضل آباد',23,'2021-06-08 05:24:35','2021-06-08 05:24:35'),(921,'تاتارعلیا',23,'2021-06-08 05:24:35','2021-06-08 05:24:35'),(922,'نوکنده',23,'2021-06-08 05:24:35','2021-06-08 05:24:35'),(923,'آزادشهر',23,'2021-06-08 05:24:35','2021-06-08 05:24:35'),(924,'انبارآلوم',23,'2021-06-08 05:24:35','2021-06-08 05:24:35'),(925,'جلین',23,'2021-06-08 05:24:35','2021-06-08 05:24:35'),(926,'منجیل',24,'2021-06-08 05:24:35','2021-06-08 05:24:35'),(927,'شلمان',24,'2021-06-08 05:24:35','2021-06-08 05:24:35'),(928,'خشکبیجار',24,'2021-06-08 05:24:35','2021-06-08 05:24:35'),(929,'ماکلوان',24,'2021-06-08 05:24:35','2021-06-08 05:24:35'),(930,'سنگر',24,'2021-06-08 05:24:35','2021-06-08 05:24:35'),(931,'مرجقل',24,'2021-06-08 05:24:35','2021-06-08 05:24:35'),(932,'لیسار',24,'2021-06-08 05:24:35','2021-06-08 05:24:35'),(933,'رضوانشهر',24,'2021-06-08 05:24:35','2021-06-08 05:24:35'),(934,'رحیم آباد',24,'2021-06-08 05:24:35','2021-06-08 05:24:35'),(935,'لوندویل',24,'2021-06-08 05:24:35','2021-06-08 05:24:35'),(936,'احمدسرگوراب',24,'2021-06-08 05:24:35','2021-06-08 05:24:35'),(937,'لوشان',24,'2021-06-08 05:24:35','2021-06-08 05:24:35'),(938,'اطاقور',24,'2021-06-08 05:24:35','2021-06-08 05:24:35'),(939,'لشت نشاء',24,'2021-06-08 05:24:35','2021-06-08 05:24:35'),(940,'فومن',24,'2021-06-08 05:24:35','2021-06-08 05:24:35'),(941,'چوبر',24,'2021-06-08 05:24:35','2021-06-08 05:24:35'),(942,'بازار جمعه',24,'2021-06-08 05:24:35','2021-06-08 05:24:35'),(943,'کلاچای',24,'2021-06-08 05:24:35','2021-06-08 05:24:35'),(944,'بندرانزلی',24,'2021-06-08 05:24:35','2021-06-08 05:24:35'),(945,'املش',24,'2021-06-08 05:24:35','2021-06-08 05:24:35'),(946,'رستم آباد',24,'2021-06-08 05:24:35','2021-06-08 05:24:35'),(947,'لاهیجان',24,'2021-06-08 05:24:35','2021-06-08 05:24:35'),(948,'توتکابن',24,'2021-06-08 05:24:35','2021-06-08 05:24:35'),(949,'لنگرود',24,'2021-06-08 05:24:35','2021-06-08 05:24:35'),(950,'کوچصفهان',24,'2021-06-08 05:24:35','2021-06-08 05:24:35'),(951,'صومعه سرا',24,'2021-06-08 05:24:35','2021-06-08 05:24:35'),(952,'اسالم',24,'2021-06-08 05:24:35','2021-06-08 05:24:35'),(953,'دیلمان',24,'2021-06-08 05:24:35','2021-06-08 05:24:35'),(954,'رودسر',24,'2021-06-08 05:24:35','2021-06-08 05:24:35'),(955,'کیاشهر',24,'2021-06-08 05:24:35','2021-06-08 05:24:35'),(956,'شفت',24,'2021-06-08 05:24:35','2021-06-08 05:24:35'),(957,'رودبار',24,'2021-06-08 05:24:35','2021-06-08 05:24:35'),(958,'کومله',24,'2021-06-08 05:24:35','2021-06-08 05:24:35'),(959,'رشت',24,'2021-06-08 05:24:35','2021-06-08 05:24:35'),(960,'ماسوله',24,'2021-06-08 05:24:35','2021-06-08 05:24:35'),(961,'خمام',24,'2021-06-08 05:24:35','2021-06-08 05:24:35'),(962,'ماسال',24,'2021-06-08 05:24:35','2021-06-08 05:24:35'),(963,'واجارگاه',24,'2021-06-08 05:24:35','2021-06-08 05:24:35'),(964,'هشتپر (تالش)',24,'2021-06-08 05:24:35','2021-06-08 05:24:35'),(965,'پره سر',24,'2021-06-08 05:24:35','2021-06-08 05:24:35'),(966,'بره سر',24,'2021-06-08 05:24:35','2021-06-08 05:24:35'),(967,'آستارا',24,'2021-06-08 05:24:35','2021-06-08 05:24:35'),(968,'رودبنه',24,'2021-06-08 05:24:35','2021-06-08 05:24:35'),(969,'جیرنده',24,'2021-06-08 05:24:35','2021-06-08 05:24:35'),(970,'چاف و چمخاله',24,'2021-06-08 05:24:35','2021-06-08 05:24:35'),(971,'لولمان',24,'2021-06-08 05:24:35','2021-06-08 05:24:35'),(972,'گوراب زرمیخ',24,'2021-06-08 05:24:35','2021-06-08 05:24:35'),(973,'حویق',24,'2021-06-08 05:24:35','2021-06-08 05:24:35'),(974,'سیاهکل',24,'2021-06-08 05:24:35','2021-06-08 05:24:35'),(975,'چابکسر',24,'2021-06-08 05:24:35','2021-06-08 05:24:35'),(976,'آستانه اشرفیه',24,'2021-06-08 05:24:35','2021-06-08 05:24:35'),(977,'رانکوه',24,'2021-06-08 05:24:35','2021-06-08 05:24:35'),(978,'چالانچولان',25,'2021-06-08 05:24:35','2021-06-08 05:24:35'),(979,'بیران شهر',25,'2021-06-08 05:24:35','2021-06-08 05:24:35'),(980,'ویسیان',25,'2021-06-08 05:24:35','2021-06-08 05:24:35'),(981,'شول آباد',25,'2021-06-08 05:24:35','2021-06-08 05:24:35'),(982,'پلدختر',25,'2021-06-08 05:24:35','2021-06-08 05:24:35'),(983,'کوهدشت',25,'2021-06-08 05:24:35','2021-06-08 05:24:35'),(984,'هفت چشمه',25,'2021-06-08 05:24:35','2021-06-08 05:24:35'),(985,'بروجرد',25,'2021-06-08 05:24:35','2021-06-08 05:24:35'),(986,'الشتر',25,'2021-06-08 05:24:35','2021-06-08 05:24:35'),(987,'مومن آباد',25,'2021-06-08 05:24:35','2021-06-08 05:24:35'),(988,'دورود',25,'2021-06-08 05:24:35','2021-06-08 05:24:35'),(989,'زاغه',25,'2021-06-08 05:24:35','2021-06-08 05:24:35'),(990,'چقابل',25,'2021-06-08 05:24:35','2021-06-08 05:24:35'),(991,'الیگودرز',25,'2021-06-08 05:24:35','2021-06-08 05:24:35'),(992,'معمولان',25,'2021-06-08 05:24:35','2021-06-08 05:24:35'),(993,'کوهنانی',25,'2021-06-08 05:24:35','2021-06-08 05:24:35'),(994,'نورآباد',25,'2021-06-08 05:24:35','2021-06-08 05:24:35'),(995,'سپیددشت',25,'2021-06-08 05:24:35','2021-06-08 05:24:35'),(996,'سراب دوره',25,'2021-06-08 05:24:35','2021-06-08 05:24:35'),(997,'ازنا',25,'2021-06-08 05:24:35','2021-06-08 05:24:35'),(998,'گراب',25,'2021-06-08 05:24:35','2021-06-08 05:24:35'),(999,'خرم آباد',25,'2021-06-08 05:24:35','2021-06-08 05:24:35'),(1000,'اشترینان',25,'2021-06-08 05:24:35','2021-06-08 05:24:35'),(1001,'فیروزآباد',25,'2021-06-08 05:24:35','2021-06-08 05:24:35'),(1002,'درب گنبد',25,'2021-06-08 05:24:35','2021-06-08 05:24:35'),(1003,'گلوگاه',26,'2021-06-08 05:24:35','2021-06-08 05:24:35'),(1004,'گلوگاه',26,'2021-06-08 05:24:35','2021-06-08 05:24:35'),(1005,'پل سفید',26,'2021-06-08 05:24:35','2021-06-08 05:24:35'),(1006,'دابودشت',26,'2021-06-08 05:24:35','2021-06-08 05:24:35'),(1007,'چالوس',26,'2021-06-08 05:24:35','2021-06-08 05:24:35'),(1008,'کیاسر',26,'2021-06-08 05:24:35','2021-06-08 05:24:35'),(1009,'بهنمیر',26,'2021-06-08 05:24:35','2021-06-08 05:24:35'),(1010,'تنکابن',26,'2021-06-08 05:24:35','2021-06-08 05:24:35'),(1011,'کلاردشت',26,'2021-06-08 05:24:35','2021-06-08 05:24:35'),(1012,'ایزدشهر',26,'2021-06-08 05:24:35','2021-06-08 05:24:35'),(1013,'گتاب',26,'2021-06-08 05:24:35','2021-06-08 05:24:35'),(1014,'سلمان شهر',26,'2021-06-08 05:24:35','2021-06-08 05:24:35'),(1015,'ارطه',26,'2021-06-08 05:24:35','2021-06-08 05:24:35'),(1016,'امیرکلا',26,'2021-06-08 05:24:35','2021-06-08 05:24:35'),(1017,'کوهی خیل',26,'2021-06-08 05:24:35','2021-06-08 05:24:35'),(1018,'پایین هولار',26,'2021-06-08 05:24:35','2021-06-08 05:24:35'),(1019,'گزنک',26,'2021-06-08 05:24:35','2021-06-08 05:24:35'),(1020,'محمودآباد',26,'2021-06-08 05:24:35','2021-06-08 05:24:35'),(1021,'رامسر',26,'2021-06-08 05:24:35','2021-06-08 05:24:35'),(1022,'نوشهر',26,'2021-06-08 05:24:35','2021-06-08 05:24:35'),(1023,'خلیل شهر',26,'2021-06-08 05:24:35','2021-06-08 05:24:35'),(1024,'کیاکلا',26,'2021-06-08 05:24:35','2021-06-08 05:24:35'),(1025,'نور',26,'2021-06-08 05:24:35','2021-06-08 05:24:35'),(1026,'مرزیکلا',26,'2021-06-08 05:24:35','2021-06-08 05:24:35'),(1027,'فریدونکنار',26,'2021-06-08 05:24:35','2021-06-08 05:24:35'),(1028,'زیرآب',26,'2021-06-08 05:24:35','2021-06-08 05:24:35'),(1029,'امامزاده عبدالله',26,'2021-06-08 05:24:35','2021-06-08 05:24:35'),(1030,'هچیرود',26,'2021-06-08 05:24:35','2021-06-08 05:24:35'),(1031,'فریم',26,'2021-06-08 05:24:35','2021-06-08 05:24:35'),(1032,'هادی شهر',26,'2021-06-08 05:24:35','2021-06-08 05:24:35'),(1033,'نشتارود',26,'2021-06-08 05:24:35','2021-06-08 05:24:35'),(1034,'پول',26,'2021-06-08 05:24:35','2021-06-08 05:24:35'),(1035,'بهشهر',26,'2021-06-08 05:24:35','2021-06-08 05:24:35'),(1036,'کلارآباد',26,'2021-06-08 05:24:35','2021-06-08 05:24:35'),(1037,'بلده',26,'2021-06-08 05:24:35','2021-06-08 05:24:35'),(1038,'بابل',26,'2021-06-08 05:24:35','2021-06-08 05:24:35'),(1039,'جویبار',26,'2021-06-08 05:24:35','2021-06-08 05:24:35'),(1040,'آلاشت',26,'2021-06-08 05:24:35','2021-06-08 05:24:35'),(1041,'آمل',26,'2021-06-08 05:24:35','2021-06-08 05:24:35'),(1042,'نکا',26,'2021-06-08 05:24:35','2021-06-08 05:24:35'),(1043,'کتالم وسادات شهر',26,'2021-06-08 05:24:35','2021-06-08 05:24:35'),(1044,'بابلسر',26,'2021-06-08 05:24:35','2021-06-08 05:24:35'),(1045,'شیرود',26,'2021-06-08 05:24:35','2021-06-08 05:24:35'),(1046,'شیرگاه',26,'2021-06-08 05:24:35','2021-06-08 05:24:35'),(1047,'رویان',26,'2021-06-08 05:24:35','2021-06-08 05:24:35'),(1048,'زرگرمحله',26,'2021-06-08 05:24:35','2021-06-08 05:24:35'),(1049,'عباس اباد',26,'2021-06-08 05:24:35','2021-06-08 05:24:35'),(1050,'قایم شهر',26,'2021-06-08 05:24:35','2021-06-08 05:24:35'),(1051,'خوش رودپی',26,'2021-06-08 05:24:35','2021-06-08 05:24:35'),(1052,'مرزن آباد',26,'2021-06-08 05:24:35','2021-06-08 05:24:35'),(1053,'ساری',26,'2021-06-08 05:24:35','2021-06-08 05:24:35'),(1054,'رینه',26,'2021-06-08 05:24:35','2021-06-08 05:24:35'),(1055,'سرخرود',26,'2021-06-08 05:24:35','2021-06-08 05:24:35'),(1056,'خرم آباد',26,'2021-06-08 05:24:35','2021-06-08 05:24:35'),(1057,'کجور',26,'2021-06-08 05:24:35','2021-06-08 05:24:35'),(1058,'رستمکلا',26,'2021-06-08 05:24:35','2021-06-08 05:24:35'),(1059,'سورک',26,'2021-06-08 05:24:35','2021-06-08 05:24:35'),(1060,'چمستان',26,'2021-06-08 05:24:35','2021-06-08 05:24:35'),(1061,'آستانه',27,'2021-06-08 05:24:35','2021-06-08 05:24:35'),(1062,'خنجین',27,'2021-06-08 05:24:35','2021-06-08 05:24:35'),(1063,'نراق',27,'2021-06-08 05:24:35','2021-06-08 05:24:35'),(1064,'کمیجان',27,'2021-06-08 05:24:35','2021-06-08 05:24:35'),(1065,'آشتیان',27,'2021-06-08 05:24:35','2021-06-08 05:24:35'),(1066,'رازقان',27,'2021-06-08 05:24:35','2021-06-08 05:24:35'),(1067,'مهاجران',27,'2021-06-08 05:24:35','2021-06-08 05:24:35'),(1068,'غرق آباد',27,'2021-06-08 05:24:35','2021-06-08 05:24:35'),(1069,'خنداب',27,'2021-06-08 05:24:35','2021-06-08 05:24:35'),(1070,'قورچی باشی',27,'2021-06-08 05:24:35','2021-06-08 05:24:35'),(1071,'خشکرود',27,'2021-06-08 05:24:35','2021-06-08 05:24:35'),(1072,'ساروق',27,'2021-06-08 05:24:35','2021-06-08 05:24:35'),(1073,'محلات',27,'2021-06-08 05:24:35','2021-06-08 05:24:35'),(1074,'شازند',27,'2021-06-08 05:24:35','2021-06-08 05:24:35'),(1075,'ساوه',27,'2021-06-08 05:24:35','2021-06-08 05:24:35'),(1076,'میلاجرد',27,'2021-06-08 05:24:35','2021-06-08 05:24:35'),(1077,'تفرش',27,'2021-06-08 05:24:35','2021-06-08 05:24:35'),(1078,'زاویه',27,'2021-06-08 05:24:35','2021-06-08 05:24:35'),(1079,'اراک',27,'2021-06-08 05:24:35','2021-06-08 05:24:35'),(1080,'توره',27,'2021-06-08 05:24:35','2021-06-08 05:24:35'),(1081,'نوبران',27,'2021-06-08 05:24:35','2021-06-08 05:24:35'),(1082,'فرمهین',27,'2021-06-08 05:24:35','2021-06-08 05:24:35'),(1083,'دلیجان',27,'2021-06-08 05:24:35','2021-06-08 05:24:35'),(1084,'پرندک',27,'2021-06-08 05:24:35','2021-06-08 05:24:35'),(1085,'کارچان',27,'2021-06-08 05:24:35','2021-06-08 05:24:35'),(1086,'نیمور',27,'2021-06-08 05:24:35','2021-06-08 05:24:35'),(1087,'هندودر',27,'2021-06-08 05:24:35','2021-06-08 05:24:35'),(1088,'آوه',27,'2021-06-08 05:24:35','2021-06-08 05:24:35'),(1089,'جاورسیان',27,'2021-06-08 05:24:35','2021-06-08 05:24:35'),(1090,'خمین',27,'2021-06-08 05:24:35','2021-06-08 05:24:35'),(1091,'مامونیه',27,'2021-06-08 05:24:35','2021-06-08 05:24:35'),(1092,'داودآباد',27,'2021-06-08 05:24:35','2021-06-08 05:24:35'),(1093,'شهباز',27,'2021-06-08 05:24:35','2021-06-08 05:24:35'),(1094,'بیکاء',28,'2021-06-08 05:24:35','2021-06-08 05:24:35'),(1095,'تیرور',28,'2021-06-08 05:24:35','2021-06-08 05:24:35'),(1096,'گروک',28,'2021-06-08 05:24:35','2021-06-08 05:24:35'),(1097,'قشم',28,'2021-06-08 05:24:35','2021-06-08 05:24:35'),(1098,'کوشکنار',28,'2021-06-08 05:24:35','2021-06-08 05:24:35'),(1099,'کیش',28,'2021-06-08 05:24:35','2021-06-08 05:24:35'),(1100,'سرگز',28,'2021-06-08 05:24:35','2021-06-08 05:24:35'),(1101,'بندرعباس',28,'2021-06-08 05:24:35','2021-06-08 05:24:35'),(1102,'زیارتعلی',28,'2021-06-08 05:24:35','2021-06-08 05:24:35'),(1103,'سندرک',28,'2021-06-08 05:24:35','2021-06-08 05:24:35'),(1104,'کوهستک',28,'2021-06-08 05:24:35','2021-06-08 05:24:35'),(1105,'لمزان',28,'2021-06-08 05:24:35','2021-06-08 05:24:35'),(1106,'رویدر',28,'2021-06-08 05:24:35','2021-06-08 05:24:35'),(1107,'قلعه قاضی',28,'2021-06-08 05:24:35','2021-06-08 05:24:35'),(1108,'فارغان',28,'2021-06-08 05:24:35','2021-06-08 05:24:35'),(1109,'ابوموسی',28,'2021-06-08 05:24:35','2021-06-08 05:24:35'),(1110,'هشتبندی',28,'2021-06-08 05:24:35','2021-06-08 05:24:35'),(1111,'سردشت',28,'2021-06-08 05:24:35','2021-06-08 05:24:35'),(1112,'درگهان',28,'2021-06-08 05:24:35','2021-06-08 05:24:35'),(1113,'پارسیان',28,'2021-06-08 05:24:35','2021-06-08 05:24:35'),(1114,'کنگ',28,'2021-06-08 05:24:35','2021-06-08 05:24:35'),(1115,'جناح',28,'2021-06-08 05:24:35','2021-06-08 05:24:35'),(1116,'تازیان پایین',28,'2021-06-08 05:24:35','2021-06-08 05:24:35'),(1117,'دهبارز',28,'2021-06-08 05:24:35','2021-06-08 05:24:35'),(1118,'میناب',28,'2021-06-08 05:24:35','2021-06-08 05:24:35'),(1119,'سیریک',28,'2021-06-08 05:24:35','2021-06-08 05:24:35'),(1120,'سوزا',28,'2021-06-08 05:24:35','2021-06-08 05:24:35'),(1121,'خمیر',28,'2021-06-08 05:24:35','2021-06-08 05:24:35'),(1122,'چارک',28,'2021-06-08 05:24:35','2021-06-08 05:24:35'),(1123,'حاجی اباد',28,'2021-06-08 05:24:35','2021-06-08 05:24:35'),(1124,'فین',28,'2021-06-08 05:24:35','2021-06-08 05:24:35'),(1125,'بندرجاسک',28,'2021-06-08 05:24:35','2021-06-08 05:24:35'),(1126,'گوهران',28,'2021-06-08 05:24:35','2021-06-08 05:24:35'),(1127,'هرمز',28,'2021-06-08 05:24:35','2021-06-08 05:24:35'),(1128,'دشتی',28,'2021-06-08 05:24:35','2021-06-08 05:24:35'),(1129,'بندرلنگه',28,'2021-06-08 05:24:35','2021-06-08 05:24:35'),(1130,'بستک',28,'2021-06-08 05:24:35','2021-06-08 05:24:35'),(1131,'تخت',28,'2021-06-08 05:24:35','2021-06-08 05:24:35'),(1132,'زنگنه',29,'2021-06-08 05:24:35','2021-06-08 05:24:35'),(1133,'دمق',29,'2021-06-08 05:24:35','2021-06-08 05:24:35'),(1134,'سرکان',29,'2021-06-08 05:24:35','2021-06-08 05:24:35'),(1135,'آجین',29,'2021-06-08 05:24:35','2021-06-08 05:24:35'),(1136,'جورقان',29,'2021-06-08 05:24:35','2021-06-08 05:24:35'),(1137,'برزول',29,'2021-06-08 05:24:35','2021-06-08 05:24:35'),(1138,'فامنین',29,'2021-06-08 05:24:35','2021-06-08 05:24:35'),(1139,'سامن',29,'2021-06-08 05:24:35','2021-06-08 05:24:35'),(1140,'بهار',29,'2021-06-08 05:24:35','2021-06-08 05:24:35'),(1141,'فرسفج',29,'2021-06-08 05:24:35','2021-06-08 05:24:35'),(1142,'شیرین سو',29,'2021-06-08 05:24:35','2021-06-08 05:24:35'),(1143,'مریانج',29,'2021-06-08 05:24:35','2021-06-08 05:24:35'),(1144,'فیروزان',29,'2021-06-08 05:24:35','2021-06-08 05:24:35'),(1145,'قروه درجزین',29,'2021-06-08 05:24:35','2021-06-08 05:24:35'),(1146,'ازندریان',29,'2021-06-08 05:24:35','2021-06-08 05:24:35'),(1147,'لالجین',29,'2021-06-08 05:24:35','2021-06-08 05:24:35'),(1148,'گل تپه',29,'2021-06-08 05:24:35','2021-06-08 05:24:35'),(1149,'گیان',29,'2021-06-08 05:24:35','2021-06-08 05:24:35'),(1150,'ملایر',29,'2021-06-08 05:24:35','2021-06-08 05:24:35'),(1151,'صالح آباد',29,'2021-06-08 05:24:35','2021-06-08 05:24:35'),(1152,'تویسرکان',29,'2021-06-08 05:24:35','2021-06-08 05:24:35'),(1153,'اسدآباد',29,'2021-06-08 05:24:35','2021-06-08 05:24:35'),(1154,'همدان',29,'2021-06-08 05:24:35','2021-06-08 05:24:35'),(1155,'نهاوند',29,'2021-06-08 05:24:35','2021-06-08 05:24:35'),(1156,'رزن',29,'2021-06-08 05:24:35','2021-06-08 05:24:35'),(1157,'جوکار',29,'2021-06-08 05:24:35','2021-06-08 05:24:35'),(1158,'مهاجران',29,'2021-06-08 05:24:35','2021-06-08 05:24:35'),(1159,'کبودرآهنگ',29,'2021-06-08 05:24:35','2021-06-08 05:24:35'),(1160,'قهاوند',29,'2021-06-08 05:24:35','2021-06-08 05:24:35'),(1161,'مروست',30,'2021-06-08 05:24:35','2021-06-08 05:24:35'),(1162,'مهردشت',30,'2021-06-08 05:24:35','2021-06-08 05:24:35'),(1163,'حمیدیا',30,'2021-06-08 05:24:35','2021-06-08 05:24:35'),(1164,'تفت',30,'2021-06-08 05:24:35','2021-06-08 05:24:35'),(1165,'اشکذر',30,'2021-06-08 05:24:35','2021-06-08 05:24:35'),(1166,'ندوشن',30,'2021-06-08 05:24:35','2021-06-08 05:24:35'),(1167,'یزد',30,'2021-06-08 05:24:35','2021-06-08 05:24:35'),(1168,'عقدا',30,'2021-06-08 05:24:35','2021-06-08 05:24:35'),(1169,'بهاباد',30,'2021-06-08 05:24:35','2021-06-08 05:24:35'),(1170,'ابرکوه',30,'2021-06-08 05:24:35','2021-06-08 05:24:35'),(1171,'زارچ',30,'2021-06-08 05:24:35','2021-06-08 05:24:35'),(1172,'نیر',30,'2021-06-08 05:24:35','2021-06-08 05:24:35'),(1173,'اردکان',30,'2021-06-08 05:24:35','2021-06-08 05:24:35'),(1174,'هرات',30,'2021-06-08 05:24:35','2021-06-08 05:24:35'),(1175,'بفروییه',30,'2021-06-08 05:24:35','2021-06-08 05:24:35'),(1176,'شاهدیه',30,'2021-06-08 05:24:35','2021-06-08 05:24:35'),(1177,'بافق',30,'2021-06-08 05:24:35','2021-06-08 05:24:35'),(1178,'خضرآباد',30,'2021-06-08 05:24:35','2021-06-08 05:24:35'),(1179,'میبد',30,'2021-06-08 05:24:35','2021-06-08 05:24:35'),(1180,'مهریز',30,'2021-06-08 05:24:35','2021-06-08 05:24:35'),(1181,'احمدآباد',30,'2021-06-08 05:24:35','2021-06-08 05:24:35');
/*!40000 ALTER TABLE `cities` ENABLE KEYS */;
UNLOCK TABLES;

--
-- Table structure for table `comments`
--

DROP TABLE IF EXISTS `comments`;
/*!40101 SET @saved_cs_client     = @@character_set_client */;
/*!40101 SET character_set_client = utf8 */;
CREATE TABLE `comments` (
  `id` bigint(20) unsigned NOT NULL AUTO_INCREMENT,
  `user_id` bigint(20) unsigned NOT NULL,
  `product_id` bigint(20) unsigned NOT NULL,
  `title` varchar(255) COLLATE utf8mb4_unicode_ci DEFAULT NULL,
  `description` text COLLATE utf8mb4_unicode_ci,
  `suggestion` tinyint(1) NOT NULL DEFAULT '1',
  `parent_id` bigint(20) unsigned DEFAULT NULL,
  `admin_id` bigint(20) unsigned DEFAULT NULL,
  `deleted_at` timestamp NULL DEFAULT NULL,
  `created_at` timestamp NULL DEFAULT NULL,
  `updated_at` timestamp NULL DEFAULT NULL,
  `status` tinyint(1) NOT NULL DEFAULT '0',
  PRIMARY KEY (`id`),
  KEY `comments_user_id_foreign` (`user_id`),
  KEY `comments_product_id_foreign` (`product_id`),
  KEY `comments_parent_id_foreign` (`parent_id`),
  KEY `comments_admin_id_foreign` (`admin_id`),
  CONSTRAINT `comments_admin_id_foreign` FOREIGN KEY (`admin_id`) REFERENCES `users` (`id`) ON DELETE CASCADE ON UPDATE CASCADE,
  CONSTRAINT `comments_parent_id_foreign` FOREIGN KEY (`parent_id`) REFERENCES `comments` (`id`) ON DELETE CASCADE ON UPDATE CASCADE,
  CONSTRAINT `comments_product_id_foreign` FOREIGN KEY (`product_id`) REFERENCES `products` (`id`) ON DELETE CASCADE ON UPDATE CASCADE,
  CONSTRAINT `comments_user_id_foreign` FOREIGN KEY (`user_id`) REFERENCES `users` (`id`) ON DELETE CASCADE ON UPDATE CASCADE
) ENGINE=InnoDB AUTO_INCREMENT=35 DEFAULT CHARSET=utf8mb4 COLLATE=utf8mb4_unicode_ci;
/*!40101 SET character_set_client = @saved_cs_client */;

--
-- Dumping data for table `comments`
--

LOCK TABLES `comments` WRITE;
/*!40000 ALTER TABLE `comments` DISABLE KEYS */;
INSERT INTO `comments` VALUES (7,1,6,NULL,NULL,1,NULL,1,NULL,'2021-09-03 14:55:41','2021-09-13 04:12:24',1),(12,1,6,NULL,NULL,1,NULL,1,NULL,'2021-09-03 15:57:21','2021-09-13 04:12:20',1),(19,1,7,NULL,NULL,1,NULL,1,NULL,'2021-09-10 06:01:52','2021-09-13 04:21:16',1),(20,1,6,NULL,NULL,1,NULL,1,NULL,'2021-09-10 08:43:14','2021-09-13 04:22:44',0),(21,1,6,'test','this is a test...',1,NULL,NULL,NULL,'2021-09-10 08:43:37','2021-09-10 08:43:37',0),(22,1,6,'test','this is a test...',1,NULL,NULL,NULL,'2021-09-10 08:43:47','2021-09-10 08:43:47',0),(23,1,6,'test','this is a test...',1,NULL,NULL,NULL,'2021-09-10 08:44:03','2021-09-10 08:44:03',0),(26,1,7,'test2','this is a test2...',0,NULL,1,NULL,'2021-09-11 03:16:23','2021-09-11 03:23:32',0),(27,1,8,'کیفیتتتتتتتتتتتتتتتتتتتتتتتتتتتت','اندازه خودتون بگیرید نه کوچیکتر و نه بزرگتر اندازه خودتون بگیرید نه کوچیکتر و نه بزرگتر اندازه خودتون بگیرید نه کوچیکتر و نه بزرگتر اندازه خودتون بگیرید نه کوچیکتر و نه بزرگتر اندازه خودتون بگیرید نه کوچیکتر و نه بزرگتر',0,NULL,NULL,NULL,'2021-09-13 04:40:50','2021-09-13 04:40:50',0),(28,1,6,'تست','تست',1,NULL,NULL,NULL,'2021-09-17 16:13:28','2021-09-17 16:13:28',0),(29,1,6,'تست2','تست2',1,NULL,NULL,NULL,'2021-09-17 16:15:41','2021-09-17 16:15:41',0),(30,1,6,'تست5','تست5',1,NULL,NULL,NULL,'2021-09-17 16:35:17','2021-09-17 16:35:17',0),(31,1,6,'تست6','تست6',1,NULL,NULL,NULL,'2021-09-17 16:40:12','2021-09-17 16:40:12',0),(32,1,6,NULL,NULL,1,NULL,NULL,NULL,'2021-09-17 16:53:14','2021-09-17 16:53:14',0),(33,1,6,'تست 5','تست5545',1,NULL,NULL,NULL,'2021-09-17 16:53:44','2021-09-17 16:53:44',0),(34,1,6,'تست 59','تست5545',0,NULL,NULL,NULL,'2021-09-17 16:54:12','2021-09-17 16:54:12',0);
/*!40000 ALTER TABLE `comments` ENABLE KEYS */;
UNLOCK TABLES;

--
-- Table structure for table `counties`
--

DROP TABLE IF EXISTS `counties`;
/*!40101 SET @saved_cs_client     = @@character_set_client */;
/*!40101 SET character_set_client = utf8 */;
CREATE TABLE `counties` (
  `id` bigint(20) unsigned NOT NULL AUTO_INCREMENT,
  `name` varchar(255) COLLATE utf8mb4_unicode_ci NOT NULL,
  `created_at` timestamp NULL DEFAULT NULL,
  `updated_at` timestamp NULL DEFAULT NULL,
  PRIMARY KEY (`id`),
  UNIQUE KEY `counties_name_unique` (`name`)
) ENGINE=InnoDB AUTO_INCREMENT=31 DEFAULT CHARSET=utf8mb4 COLLATE=utf8mb4_unicode_ci;
/*!40101 SET character_set_client = @saved_cs_client */;

--
-- Dumping data for table `counties`
--

LOCK TABLES `counties` WRITE;
/*!40000 ALTER TABLE `counties` DISABLE KEYS */;
INSERT INTO `counties` VALUES (1,'آذربایجان غربی','2021-06-08 05:24:34','2021-06-08 05:24:34'),(2,'اردبیل','2021-06-08 05:24:34','2021-06-08 05:24:34'),(3,'اصفهان','2021-06-08 05:24:34','2021-06-08 05:24:34'),(4,'البرز','2021-06-08 05:24:34','2021-06-08 05:24:34'),(5,'ایلام','2021-06-08 05:24:34','2021-06-08 05:24:34'),(6,'بوشهر','2021-06-08 05:24:34','2021-06-08 05:24:34'),(7,'تهران','2021-06-08 05:24:34','2021-06-08 05:24:34'),(8,'چهارمحال و بختیاری','2021-06-08 05:24:34','2021-06-08 05:24:34'),(9,'خراسان جنوبی','2021-06-08 05:24:34','2021-06-08 05:24:34'),(10,'خراسان رضوی','2021-06-08 05:24:34','2021-06-08 05:24:34'),(11,'خراسان شمالی','2021-06-08 05:24:34','2021-06-08 05:24:34'),(12,'خوزستان','2021-06-08 05:24:34','2021-06-08 05:24:34'),(13,'زنجان','2021-06-08 05:24:34','2021-06-08 05:24:34'),(14,'سمنان','2021-06-08 05:24:34','2021-06-08 05:24:34'),(15,'سیستان و بلوچستان','2021-06-08 05:24:34','2021-06-08 05:24:34'),(16,'فارس','2021-06-08 05:24:34','2021-06-08 05:24:34'),(17,'قزوین','2021-06-08 05:24:35','2021-06-08 05:24:35'),(18,'قم','2021-06-08 05:24:35','2021-06-08 05:24:35'),(19,'کردستان','2021-06-08 05:24:35','2021-06-08 05:24:35'),(20,'کرمان','2021-06-08 05:24:35','2021-06-08 05:24:35'),(21,'کرمانشاه','2021-06-08 05:24:35','2021-06-08 05:24:35'),(22,'کهگیلویه وبویراحمد','2021-06-08 05:24:35','2021-06-08 05:24:35'),(23,'گلستان','2021-06-08 05:24:35','2021-06-08 05:24:35'),(24,'گیلان','2021-06-08 05:24:35','2021-06-08 05:24:35'),(25,'لرستان','2021-06-08 05:24:35','2021-06-08 05:24:35'),(26,'مازندران','2021-06-08 05:24:35','2021-06-08 05:24:35'),(27,'مرکزی','2021-06-08 05:24:35','2021-06-08 05:24:35'),(28,'هرمزگان','2021-06-08 05:24:35','2021-06-08 05:24:35'),(29,'همدان','2021-06-08 05:24:35','2021-06-08 05:24:35'),(30,'یزد','2021-06-08 05:24:35','2021-06-08 05:24:35');
/*!40000 ALTER TABLE `counties` ENABLE KEYS */;
UNLOCK TABLES;

--
-- Table structure for table `failed_jobs`
--

DROP TABLE IF EXISTS `failed_jobs`;
/*!40101 SET @saved_cs_client     = @@character_set_client */;
/*!40101 SET character_set_client = utf8 */;
CREATE TABLE `failed_jobs` (
  `id` bigint(20) unsigned NOT NULL AUTO_INCREMENT,
  `uuid` varchar(255) COLLATE utf8mb4_unicode_ci NOT NULL,
  `connection` text COLLATE utf8mb4_unicode_ci NOT NULL,
  `queue` text COLLATE utf8mb4_unicode_ci NOT NULL,
  `payload` longtext COLLATE utf8mb4_unicode_ci NOT NULL,
  `exception` longtext COLLATE utf8mb4_unicode_ci NOT NULL,
  `failed_at` timestamp NOT NULL DEFAULT CURRENT_TIMESTAMP,
  PRIMARY KEY (`id`),
  UNIQUE KEY `failed_jobs_uuid_unique` (`uuid`)
) ENGINE=InnoDB DEFAULT CHARSET=utf8mb4 COLLATE=utf8mb4_unicode_ci;
/*!40101 SET character_set_client = @saved_cs_client */;

--
-- Dumping data for table `failed_jobs`
--

LOCK TABLES `failed_jobs` WRITE;
/*!40000 ALTER TABLE `failed_jobs` DISABLE KEYS */;
/*!40000 ALTER TABLE `failed_jobs` ENABLE KEYS */;
UNLOCK TABLES;

--
-- Table structure for table `favorites`
--

DROP TABLE IF EXISTS `favorites`;
/*!40101 SET @saved_cs_client     = @@character_set_client */;
/*!40101 SET character_set_client = utf8 */;
CREATE TABLE `favorites` (
  `id` bigint(20) unsigned NOT NULL AUTO_INCREMENT,
  `user_id` bigint(20) unsigned DEFAULT NULL,
  `product_id` bigint(20) unsigned DEFAULT NULL,
  `created_at` timestamp NULL DEFAULT NULL,
  `updated_at` timestamp NULL DEFAULT NULL,
  PRIMARY KEY (`id`),
  KEY `favorites_user_id_foreign` (`user_id`),
  KEY `favorites_product_id_foreign` (`product_id`),
  CONSTRAINT `favorites_product_id_foreign` FOREIGN KEY (`product_id`) REFERENCES `products` (`id`) ON DELETE CASCADE ON UPDATE CASCADE,
  CONSTRAINT `favorites_user_id_foreign` FOREIGN KEY (`user_id`) REFERENCES `users` (`id`) ON DELETE CASCADE ON UPDATE CASCADE
) ENGINE=InnoDB DEFAULT CHARSET=utf8mb4 COLLATE=utf8mb4_unicode_ci;
/*!40101 SET character_set_client = @saved_cs_client */;

--
-- Dumping data for table `favorites`
--

LOCK TABLES `favorites` WRITE;
/*!40000 ALTER TABLE `favorites` DISABLE KEYS */;
/*!40000 ALTER TABLE `favorites` ENABLE KEYS */;
UNLOCK TABLES;

--
-- Table structure for table `home_settings`
--

DROP TABLE IF EXISTS `home_settings`;
/*!40101 SET @saved_cs_client     = @@character_set_client */;
/*!40101 SET character_set_client = utf8 */;
CREATE TABLE `home_settings` (
  `id` bigint(20) unsigned NOT NULL AUTO_INCREMENT,
  `key` varchar(255) COLLATE utf8mb4_unicode_ci NOT NULL,
  `value` varchar(255) COLLATE utf8mb4_unicode_ci NOT NULL,
  `created_at` timestamp NULL DEFAULT NULL,
  `updated_at` timestamp NULL DEFAULT NULL,
  PRIMARY KEY (`id`)
) ENGINE=InnoDB DEFAULT CHARSET=utf8mb4 COLLATE=utf8mb4_unicode_ci;
/*!40101 SET character_set_client = @saved_cs_client */;

--
-- Dumping data for table `home_settings`
--

LOCK TABLES `home_settings` WRITE;
/*!40000 ALTER TABLE `home_settings` DISABLE KEYS */;
/*!40000 ALTER TABLE `home_settings` ENABLE KEYS */;
UNLOCK TABLES;

--
-- Table structure for table `media`
--

DROP TABLE IF EXISTS `media`;
/*!40101 SET @saved_cs_client     = @@character_set_client */;
/*!40101 SET character_set_client = utf8 */;
CREATE TABLE `media` (
  `id` bigint(20) unsigned NOT NULL AUTO_INCREMENT,
  `product_id` bigint(20) unsigned DEFAULT NULL,
  `url` varchar(255) COLLATE utf8mb4_unicode_ci NOT NULL,
  `created_at` timestamp NULL DEFAULT NULL,
  `updated_at` timestamp NULL DEFAULT NULL,
  PRIMARY KEY (`id`),
  KEY `media_product_id_foreign` (`product_id`),
  CONSTRAINT `media_product_id_foreign` FOREIGN KEY (`product_id`) REFERENCES `products` (`id`) ON DELETE CASCADE ON UPDATE CASCADE
) ENGINE=InnoDB AUTO_INCREMENT=28 DEFAULT CHARSET=utf8mb4 COLLATE=utf8mb4_unicode_ci;
/*!40101 SET character_set_client = @saved_cs_client */;

--
-- Dumping data for table `media`
--

LOCK TABLES `media` WRITE;
/*!40000 ALTER TABLE `media` DISABLE KEYS */;
INSERT INTO `media` VALUES (7,6,'http://jahanistyle.ir/backend/storage/upload/product_images/6/208052 (1).gif','2021-06-09 05:53:03','2021-06-09 05:53:03'),(8,6,'http://jahanistyle.ir/backend/storage/upload/product_images/6/208052 (2).gif','2021-06-09 05:53:13','2021-06-09 05:53:13'),(9,6,'http://jahanistyle.ir/backend/storage/upload/product_images/6/208052 (4).gif','2021-06-09 05:53:17','2021-06-09 05:53:17'),(10,6,'http://jahanistyle.ir/backend/storage/upload/product_images/6/208052 (3).gif','2021-06-09 05:53:22','2021-06-09 05:53:22'),(11,7,'http://jahanistyle.ir/backend/storage/upload/product_images/7/B8011-(1).gif','2021-06-09 06:09:30','2021-06-09 06:09:30'),(12,7,'http://jahanistyle.ir/backend/storage/upload/product_images/7/B8011-(2).gif','2021-06-09 06:09:33','2021-06-09 06:09:33'),(13,7,'http://jahanistyle.ir/backend/storage/upload/product_images/7/B8011-(3).gif','2021-06-09 06:09:37','2021-06-09 06:09:37'),(14,7,'http://jahanistyle.ir/backend/storage/upload/product_images/7/B8011-(4).gif','2021-06-09 06:09:40','2021-06-09 06:09:40'),(15,8,'http://jahanistyle.ir/backend/storage/upload/product_images/8/265251 (1).gif','2021-06-09 06:15:06','2021-06-09 06:15:06'),(16,8,'http://jahanistyle.ir/backend/storage/upload/product_images/8/265251 (2).gif','2021-06-09 06:15:10','2021-06-09 06:15:10'),(17,8,'http://jahanistyle.ir/backend/storage/upload/product_images/8/265251 (3).gif','2021-06-09 06:15:13','2021-06-09 06:15:13'),(18,9,'http://jahanistyle.ir/backend/storage/upload/product_images/9/3304-(1).gif','2021-06-09 06:31:32','2021-06-09 06:31:32'),(19,9,'http://jahanistyle.ir/backend/storage/upload/product_images/9/3304-(2).gif','2021-06-09 06:31:36','2021-06-09 06:31:36'),(24,9,'http://jahanistyle.ir/backend/storage/upload/product_images/9/3304-(3).gif','2021-06-11 08:53:25','2021-06-11 08:53:25'),(26,12,'http://jahanistyle.ir/backend/storage/upload/product_images/12/1.png','2021-07-26 04:21:35','2021-07-26 04:21:35'),(27,12,'http://jahanistyle.ir/backend/storage/upload/product_images/12/2.png','2021-07-26 04:21:39','2021-07-26 04:21:39');
/*!40000 ALTER TABLE `media` ENABLE KEYS */;
UNLOCK TABLES;

--
-- Table structure for table `migrations`
--

DROP TABLE IF EXISTS `migrations`;
/*!40101 SET @saved_cs_client     = @@character_set_client */;
/*!40101 SET character_set_client = utf8 */;
CREATE TABLE `migrations` (
  `id` int(10) unsigned NOT NULL AUTO_INCREMENT,
  `migration` varchar(255) COLLATE utf8mb4_unicode_ci NOT NULL,
  `batch` int(11) NOT NULL,
  PRIMARY KEY (`id`)
) ENGINE=InnoDB AUTO_INCREMENT=27 DEFAULT CHARSET=utf8mb4 COLLATE=utf8mb4_unicode_ci;
/*!40101 SET character_set_client = @saved_cs_client */;

--
-- Dumping data for table `migrations`
--

LOCK TABLES `migrations` WRITE;
/*!40000 ALTER TABLE `migrations` DISABLE KEYS */;
INSERT INTO `migrations` VALUES (1,'2014_10_12_000000_create_users_table',1),(2,'2014_10_12_100000_create_password_resets_table',1),(3,'2019_08_19_000000_create_failed_jobs_table',1),(4,'2019_12_14_000001_create_personal_access_tokens_table',1),(5,'2020_12_25_203429_create_categories_table',1),(6,'2020_12_28_132124_create_category_metas_table',1),(7,'2020_12_28_152957_create_products_table',1),(8,'2021_01_03_060829_create_product_properties_table',1),(9,'2021_01_03_180808_create_media_table',1),(10,'2021_03_01_072917_create_permission_tables',1),(11,'2021_04_17_190853_add_columns_to_roles',1),(12,'2021_06_04_131723_create_transactions_table',1),(13,'2021_06_04_161540_create_home_settings_table',1),(14,'2021_06_04_161607_create_slides_table',1),(15,'2021_06_04_164435_create_banners_table',1),(16,'2021_06_05_055348_create_rates_table',1),(17,'2021_06_05_162238_create_brands_table',1),(18,'2021_06_05_170810_add_brand_column_to_product',1),(19,'2021_06_14_042707_create_carts_table',2),(20,'2021_06_14_050846_create_favorites_table',2),(21,'2021_06_19_180318_add_number_column_to_cart',3),(22,'2021_07_21_125550_create_comments_table',4),(23,'2021_09_03_093540_add_status_column_to_comments',5),(24,'2021_10_22_153637_create_payments_table',6),(25,'2021_10_22_160240_create_payment_products_table',6),(26,'2021_10_22_181021_create_orders_table',6);
/*!40000 ALTER TABLE `migrations` ENABLE KEYS */;
UNLOCK TABLES;

--
-- Table structure for table `model_has_permissions`
--

DROP TABLE IF EXISTS `model_has_permissions`;
/*!40101 SET @saved_cs_client     = @@character_set_client */;
/*!40101 SET character_set_client = utf8 */;
CREATE TABLE `model_has_permissions` (
  `permission_id` bigint(20) unsigned NOT NULL,
  `model_type` varchar(255) COLLATE utf8mb4_unicode_ci NOT NULL,
  `model_id` bigint(20) unsigned NOT NULL,
  PRIMARY KEY (`permission_id`,`model_id`,`model_type`),
  KEY `model_has_permissions_model_id_model_type_index` (`model_id`,`model_type`),
  CONSTRAINT `model_has_permissions_permission_id_foreign` FOREIGN KEY (`permission_id`) REFERENCES `permissions` (`id`) ON DELETE CASCADE
) ENGINE=InnoDB DEFAULT CHARSET=utf8mb4 COLLATE=utf8mb4_unicode_ci;
/*!40101 SET character_set_client = @saved_cs_client */;

--
-- Dumping data for table `model_has_permissions`
--

LOCK TABLES `model_has_permissions` WRITE;
/*!40000 ALTER TABLE `model_has_permissions` DISABLE KEYS */;
/*!40000 ALTER TABLE `model_has_permissions` ENABLE KEYS */;
UNLOCK TABLES;

--
-- Table structure for table `model_has_roles`
--

DROP TABLE IF EXISTS `model_has_roles`;
/*!40101 SET @saved_cs_client     = @@character_set_client */;
/*!40101 SET character_set_client = utf8 */;
CREATE TABLE `model_has_roles` (
  `role_id` bigint(20) unsigned NOT NULL,
  `model_type` varchar(255) COLLATE utf8mb4_unicode_ci NOT NULL,
  `model_id` bigint(20) unsigned NOT NULL,
  PRIMARY KEY (`role_id`,`model_id`,`model_type`),
  KEY `model_has_roles_model_id_model_type_index` (`model_id`,`model_type`),
  CONSTRAINT `model_has_roles_role_id_foreign` FOREIGN KEY (`role_id`) REFERENCES `roles` (`id`) ON DELETE CASCADE
) ENGINE=InnoDB DEFAULT CHARSET=utf8mb4 COLLATE=utf8mb4_unicode_ci;
/*!40101 SET character_set_client = @saved_cs_client */;

--
-- Dumping data for table `model_has_roles`
--

LOCK TABLES `model_has_roles` WRITE;
/*!40000 ALTER TABLE `model_has_roles` DISABLE KEYS */;
INSERT INTO `model_has_roles` VALUES (1,'App\\Models\\User',1),(5,'App\\Models\\User',2),(5,'App\\Models\\User',3);
/*!40000 ALTER TABLE `model_has_roles` ENABLE KEYS */;
UNLOCK TABLES;

--
-- Table structure for table `orders`
--

DROP TABLE IF EXISTS `orders`;
/*!40101 SET @saved_cs_client     = @@character_set_client */;
/*!40101 SET character_set_client = utf8 */;
CREATE TABLE `orders` (
  `id` bigint(20) unsigned NOT NULL AUTO_INCREMENT,
  `user_id` bigint(20) unsigned DEFAULT NULL,
  `payment_id` bigint(20) unsigned DEFAULT NULL,
  `payed` tinyint(1) NOT NULL DEFAULT '1',
  `method` varchar(255) COLLATE utf8mb4_unicode_ci NOT NULL DEFAULT 'zarinpal',
  `amount` int(11) NOT NULL DEFAULT '0',
  `creditCardNumber` varchar(255) COLLATE utf8mb4_unicode_ci DEFAULT NULL,
  `ref_id` varchar(255) COLLATE utf8mb4_unicode_ci DEFAULT NULL,
  `created_at` timestamp NULL DEFAULT NULL,
  `updated_at` timestamp NULL DEFAULT NULL,
  PRIMARY KEY (`id`),
  KEY `orders_user_id_foreign` (`user_id`),
  KEY `orders_payment_id_foreign` (`payment_id`),
  CONSTRAINT `orders_payment_id_foreign` FOREIGN KEY (`payment_id`) REFERENCES `payments` (`id`) ON DELETE CASCADE ON UPDATE CASCADE,
  CONSTRAINT `orders_user_id_foreign` FOREIGN KEY (`user_id`) REFERENCES `users` (`id`) ON DELETE CASCADE ON UPDATE CASCADE
) ENGINE=InnoDB DEFAULT CHARSET=utf8mb4 COLLATE=utf8mb4_unicode_ci;
/*!40101 SET character_set_client = @saved_cs_client */;

--
-- Dumping data for table `orders`
--

LOCK TABLES `orders` WRITE;
/*!40000 ALTER TABLE `orders` DISABLE KEYS */;
/*!40000 ALTER TABLE `orders` ENABLE KEYS */;
UNLOCK TABLES;

--
-- Table structure for table `password_resets`
--

DROP TABLE IF EXISTS `password_resets`;
/*!40101 SET @saved_cs_client     = @@character_set_client */;
/*!40101 SET character_set_client = utf8 */;
CREATE TABLE `password_resets` (
  `email` varchar(255) COLLATE utf8mb4_unicode_ci NOT NULL,
  `token` varchar(255) COLLATE utf8mb4_unicode_ci NOT NULL,
  `created_at` timestamp NULL DEFAULT NULL,
  KEY `password_resets_email_index` (`email`)
) ENGINE=InnoDB DEFAULT CHARSET=utf8mb4 COLLATE=utf8mb4_unicode_ci;
/*!40101 SET character_set_client = @saved_cs_client */;

--
-- Dumping data for table `password_resets`
--

LOCK TABLES `password_resets` WRITE;
/*!40000 ALTER TABLE `password_resets` DISABLE KEYS */;
/*!40000 ALTER TABLE `password_resets` ENABLE KEYS */;
UNLOCK TABLES;

--
-- Table structure for table `payment_products`
--

DROP TABLE IF EXISTS `payment_products`;
/*!40101 SET @saved_cs_client     = @@character_set_client */;
/*!40101 SET character_set_client = utf8 */;
CREATE TABLE `payment_products` (
  `id` bigint(20) unsigned NOT NULL AUTO_INCREMENT,
  `product_id` bigint(20) unsigned DEFAULT NULL,
  `payment_id` bigint(20) unsigned DEFAULT NULL,
  `num` int(11) NOT NULL,
  `created_at` timestamp NULL DEFAULT NULL,
  `updated_at` timestamp NULL DEFAULT NULL,
  PRIMARY KEY (`id`),
  KEY `payment_products_product_id_foreign` (`product_id`),
  KEY `payment_products_payment_id_foreign` (`payment_id`),
  CONSTRAINT `payment_products_payment_id_foreign` FOREIGN KEY (`payment_id`) REFERENCES `payments` (`id`) ON DELETE CASCADE ON UPDATE CASCADE,
  CONSTRAINT `payment_products_product_id_foreign` FOREIGN KEY (`product_id`) REFERENCES `products` (`id`) ON DELETE CASCADE ON UPDATE CASCADE
) ENGINE=InnoDB DEFAULT CHARSET=utf8mb4 COLLATE=utf8mb4_unicode_ci;
/*!40101 SET character_set_client = @saved_cs_client */;

--
-- Dumping data for table `payment_products`
--

LOCK TABLES `payment_products` WRITE;
/*!40000 ALTER TABLE `payment_products` DISABLE KEYS */;
/*!40000 ALTER TABLE `payment_products` ENABLE KEYS */;
UNLOCK TABLES;

--
-- Table structure for table `payments`
--

DROP TABLE IF EXISTS `payments`;
/*!40101 SET @saved_cs_client     = @@character_set_client */;
/*!40101 SET character_set_client = utf8 */;
CREATE TABLE `payments` (
  `id` bigint(20) unsigned NOT NULL AUTO_INCREMENT,
  `user_id` bigint(20) unsigned DEFAULT NULL,
  `payed` tinyint(1) NOT NULL DEFAULT '0',
  `method` varchar(255) COLLATE utf8mb4_unicode_ci NOT NULL DEFAULT 'zarinpal',
  `amount` int(11) NOT NULL DEFAULT '0',
  `creditCardNumber` varchar(255) COLLATE utf8mb4_unicode_ci DEFAULT NULL,
  `ref_id` varchar(255) COLLATE utf8mb4_unicode_ci DEFAULT NULL,
  `created_at` timestamp NULL DEFAULT NULL,
  `updated_at` timestamp NULL DEFAULT NULL,
  PRIMARY KEY (`id`),
  KEY `payments_user_id_foreign` (`user_id`),
  CONSTRAINT `payments_user_id_foreign` FOREIGN KEY (`user_id`) REFERENCES `users` (`id`) ON DELETE CASCADE ON UPDATE CASCADE
) ENGINE=InnoDB DEFAULT CHARSET=utf8mb4 COLLATE=utf8mb4_unicode_ci;
/*!40101 SET character_set_client = @saved_cs_client */;

--
-- Dumping data for table `payments`
--

LOCK TABLES `payments` WRITE;
/*!40000 ALTER TABLE `payments` DISABLE KEYS */;
/*!40000 ALTER TABLE `payments` ENABLE KEYS */;
UNLOCK TABLES;

--
-- Table structure for table `permissions`
--

DROP TABLE IF EXISTS `permissions`;
/*!40101 SET @saved_cs_client     = @@character_set_client */;
/*!40101 SET character_set_client = utf8 */;
CREATE TABLE `permissions` (
  `id` bigint(20) unsigned NOT NULL AUTO_INCREMENT,
  `name` varchar(255) COLLATE utf8mb4_unicode_ci NOT NULL,
  `guard_name` varchar(255) COLLATE utf8mb4_unicode_ci NOT NULL,
  `created_at` timestamp NULL DEFAULT NULL,
  `updated_at` timestamp NULL DEFAULT NULL,
  PRIMARY KEY (`id`),
  UNIQUE KEY `permissions_name_guard_name_unique` (`name`,`guard_name`)
) ENGINE=InnoDB AUTO_INCREMENT=4 DEFAULT CHARSET=utf8mb4 COLLATE=utf8mb4_unicode_ci;
/*!40101 SET character_set_client = @saved_cs_client */;

--
-- Dumping data for table `permissions`
--

LOCK TABLES `permissions` WRITE;
/*!40000 ALTER TABLE `permissions` DISABLE KEYS */;
INSERT INTO `permissions` VALUES (1,'SuperAdmin','web',NULL,NULL),(2,'Finance','web',NULL,NULL),(3,'PublicUser','web',NULL,NULL);
/*!40000 ALTER TABLE `permissions` ENABLE KEYS */;
UNLOCK TABLES;

--
-- Table structure for table `personal_access_tokens`
--

DROP TABLE IF EXISTS `personal_access_tokens`;
/*!40101 SET @saved_cs_client     = @@character_set_client */;
/*!40101 SET character_set_client = utf8 */;
CREATE TABLE `personal_access_tokens` (
  `id` bigint(20) unsigned NOT NULL AUTO_INCREMENT,
  `tokenable_type` varchar(255) COLLATE utf8mb4_unicode_ci NOT NULL,
  `tokenable_id` bigint(20) unsigned NOT NULL,
  `name` varchar(255) COLLATE utf8mb4_unicode_ci NOT NULL,
  `token` varchar(64) COLLATE utf8mb4_unicode_ci NOT NULL,
  `abilities` text COLLATE utf8mb4_unicode_ci,
  `last_used_at` timestamp NULL DEFAULT NULL,
  `created_at` timestamp NULL DEFAULT NULL,
  `updated_at` timestamp NULL DEFAULT NULL,
  PRIMARY KEY (`id`),
  UNIQUE KEY `personal_access_tokens_token_unique` (`token`),
  KEY `personal_access_tokens_tokenable_type_tokenable_id_index` (`tokenable_type`,`tokenable_id`)
) ENGINE=InnoDB DEFAULT CHARSET=utf8mb4 COLLATE=utf8mb4_unicode_ci;
/*!40101 SET character_set_client = @saved_cs_client */;

--
-- Dumping data for table `personal_access_tokens`
--

LOCK TABLES `personal_access_tokens` WRITE;
/*!40000 ALTER TABLE `personal_access_tokens` DISABLE KEYS */;
/*!40000 ALTER TABLE `personal_access_tokens` ENABLE KEYS */;
UNLOCK TABLES;

--
-- Table structure for table `product_properties`
--

DROP TABLE IF EXISTS `product_properties`;
/*!40101 SET @saved_cs_client     = @@character_set_client */;
/*!40101 SET character_set_client = utf8 */;
CREATE TABLE `product_properties` (
  `id` bigint(20) unsigned NOT NULL AUTO_INCREMENT,
  `product_id` bigint(20) unsigned DEFAULT NULL,
  `property_id` bigint(20) unsigned DEFAULT NULL,
  `value` varchar(255) COLLATE utf8mb4_unicode_ci NOT NULL,
  `deleted_at` timestamp NULL DEFAULT NULL,
  `created_at` timestamp NULL DEFAULT NULL,
  `updated_at` timestamp NULL DEFAULT NULL,
  PRIMARY KEY (`id`),
  KEY `product_properties_product_id_foreign` (`product_id`),
  KEY `product_properties_property_id_foreign` (`property_id`),
  CONSTRAINT `product_properties_product_id_foreign` FOREIGN KEY (`product_id`) REFERENCES `products` (`id`) ON DELETE CASCADE ON UPDATE CASCADE,
  CONSTRAINT `product_properties_property_id_foreign` FOREIGN KEY (`property_id`) REFERENCES `category_metas` (`id`) ON DELETE CASCADE ON UPDATE CASCADE
) ENGINE=InnoDB AUTO_INCREMENT=138 DEFAULT CHARSET=utf8mb4 COLLATE=utf8mb4_unicode_ci;
/*!40101 SET character_set_client = @saved_cs_client */;

--
-- Dumping data for table `product_properties`
--

LOCK TABLES `product_properties` WRITE;
/*!40000 ALTER TABLE `product_properties` DISABLE KEYS */;
INSERT INTO `product_properties` VALUES (27,6,1,'پلی استر، ویسکوز و الاستین',NULL,'2021-06-09 05:53:24','2021-06-09 05:53:24'),(28,6,2,'روی باسن',NULL,'2021-06-09 05:53:24','2021-06-09 05:53:24'),(29,6,3,'دو دکمه',NULL,'2021-06-09 05:53:24','2021-06-09 05:53:24'),(30,6,4,'دراپ 6',NULL,'2021-06-09 05:53:24','2021-06-09 05:53:24'),(31,6,5,'تهیه شده از 91% پلی استر،7% ویسکوز و 2% الاستین',NULL,'2021-06-09 05:53:24','2021-06-09 05:53:24'),(32,6,6,'این کت تک مردانه یقه برگردان و دو دکمه است دارای دو جیب در طرفین پارچه کت ساده و تک رنگ است دارای فرم جذب مناسب استفاده رسمی قد کت تا روی باسن است',NULL,'2021-06-09 05:53:24','2021-06-09 05:53:24'),(33,6,7,'ماکزیمم دمای اتوکشی 150 درجه سانتی‌گراد، امکان خشک شویی دارد. امکان استفاده از سفید کننده نیست.',NULL,'2021-06-09 05:53:24','2021-06-09 05:53:24'),(34,6,8,'اسپانیا',NULL,'2021-06-09 05:53:24','2021-06-09 05:53:24'),(40,8,1,'پلی استر، ویسکوز و الاستین',NULL,'2021-06-09 06:14:56','2021-06-09 06:14:56'),(41,8,2,'روی باسن',NULL,'2021-06-09 06:14:56','2021-06-09 06:14:56'),(42,8,3,'دو دکمه',NULL,'2021-06-09 06:14:56','2021-06-09 06:14:56'),(43,8,4,'دراپ5',NULL,'2021-06-09 06:14:56','2021-06-09 06:14:56'),(44,8,5,'تهیه شده از 81% پلی استر، 17% ویسکوز و 2% الاستین',NULL,'2021-06-09 06:14:56','2021-06-09 06:14:56'),(45,8,6,'این کت مردانه آستین بلند و یقه برگردان است با دو دکمه بسته می شود دارای دو جیب در قسمت جلو و یک جیب در قسمت داخلی دارای دو چاک در قسمت پشت مناسب برای مکان های رسمی',NULL,'2021-06-09 06:14:56','2021-06-09 06:14:56'),(46,8,7,'شسته نشود اتو کشی نشود از خشک کن استفاده نشود از تماس با مواد سفید کننده اجتناب شود خشک شویی با مواد شوینده خاص مجاز است',NULL,'2021-06-09 06:14:56','2021-06-09 06:14:56'),(47,8,8,'اسپانیا',NULL,'2021-06-09 06:14:56','2021-06-09 06:14:56'),(94,9,14,'چرم',NULL,'2021-06-11 10:14:32','2021-06-11 10:14:32'),(95,9,15,'40،42،44،46',NULL,'2021-06-11 10:14:32','2021-06-11 10:14:32'),(96,9,16,'مشکی، عسلی',NULL,'2021-06-11 10:14:32','2021-06-11 10:14:32'),(97,9,17,'یکسره',NULL,'2021-06-11 10:14:32','2021-06-11 10:14:32'),(98,9,18,'تخت',NULL,'2021-06-11 10:14:32','2021-06-11 10:14:32'),(99,7,9,'چرم',NULL,'2021-06-14 04:04:37','2021-06-14 04:04:37'),(100,7,10,'زیپ',NULL,'2021-06-14 04:04:37','2021-06-14 04:04:37'),(101,7,11,'بند بلند',NULL,'2021-06-14 04:04:37','2021-06-14 04:04:37'),(102,7,12,'30x26x10 سانتی‌متر',NULL,'2021-06-14 04:04:37','2021-06-14 04:04:37'),(103,7,13,'اداری و رسمی',NULL,'2021-06-14 04:04:37','2021-06-14 04:04:37'),(129,12,19,'1565',NULL,'2021-07-26 04:25:38','2021-07-26 04:25:38'),(130,12,20,'گرد',NULL,'2021-07-26 04:25:38','2021-07-26 04:25:38'),(131,12,21,'کوتاه',NULL,'2021-07-26 04:25:38','2021-07-26 04:25:38'),(132,12,22,'طرحدار',NULL,'2021-07-26 04:25:38','2021-07-26 04:25:38'),(133,12,23,'نخ پنبه',NULL,'2021-07-26 04:25:38','2021-07-26 04:25:38'),(134,12,24,'ندارد',NULL,'2021-07-26 04:25:38','2021-07-26 04:25:38'),(135,12,25,'ندارد',NULL,'2021-07-26 04:25:38','2021-07-26 04:25:38'),(136,12,26,'بانوان',NULL,'2021-07-26 04:25:38','2021-07-26 04:25:38'),(137,12,27,'گرم',NULL,'2021-07-26 04:25:38','2021-07-26 04:25:38');
/*!40000 ALTER TABLE `product_properties` ENABLE KEYS */;
UNLOCK TABLES;

--
-- Table structure for table `products`
--

DROP TABLE IF EXISTS `products`;
/*!40101 SET @saved_cs_client     = @@character_set_client */;
/*!40101 SET character_set_client = utf8 */;
CREATE TABLE `products` (
  `id` bigint(20) unsigned NOT NULL AUTO_INCREMENT,
  `name` varchar(255) COLLATE utf8mb4_unicode_ci NOT NULL,
  `price` varchar(255) COLLATE utf8mb4_unicode_ci NOT NULL,
  `description` varchar(255) COLLATE utf8mb4_unicode_ci DEFAULT NULL,
  `category_id` bigint(20) unsigned NOT NULL,
  `branch_id` bigint(20) unsigned NOT NULL,
  `inventory_number` int(11) NOT NULL DEFAULT '0',
  `total_number` int(11) NOT NULL DEFAULT '0',
  `sales_number` int(11) NOT NULL DEFAULT '0',
  `rate` int(11) NOT NULL DEFAULT '0',
  `vote` int(11) NOT NULL DEFAULT '0',
  `deleted_at` timestamp NULL DEFAULT NULL,
  `created_at` timestamp NULL DEFAULT NULL,
  `updated_at` timestamp NULL DEFAULT NULL,
  `brand_id` bigint(20) unsigned DEFAULT NULL,
  PRIMARY KEY (`id`),
  KEY `products_category_id_foreign` (`category_id`),
  KEY `products_branch_id_foreign` (`branch_id`),
  KEY `products_brand_id_foreign` (`brand_id`),
  CONSTRAINT `products_branch_id_foreign` FOREIGN KEY (`branch_id`) REFERENCES `branches` (`id`) ON DELETE CASCADE ON UPDATE CASCADE,
  CONSTRAINT `products_brand_id_foreign` FOREIGN KEY (`brand_id`) REFERENCES `brands` (`id`) ON DELETE CASCADE ON UPDATE CASCADE,
  CONSTRAINT `products_category_id_foreign` FOREIGN KEY (`category_id`) REFERENCES `categories` (`id`) ON DELETE CASCADE ON UPDATE CASCADE
) ENGINE=InnoDB AUTO_INCREMENT=14 DEFAULT CHARSET=utf8mb4 COLLATE=utf8mb4_unicode_ci;
/*!40101 SET character_set_client = @saved_cs_client */;

--
-- Dumping data for table `products`
--

LOCK TABLES `products` WRITE;
/*!40000 ALTER TABLE `products` DISABLE KEYS */;
INSERT INTO `products` VALUES (6,'کت تک رسمی مردانه','2990000',NULL,24,1,10,0,0,0,0,NULL,'2021-06-09 05:30:43','2021-06-09 05:30:43',1),(7,'کیف اداری','167000',NULL,27,1,12,0,0,0,0,NULL,'2021-06-09 06:09:18','2021-06-14 04:04:37',1),(8,'کت تک رسمی مردانه','2100000',NULL,24,1,15,0,0,0,0,NULL,'2021-06-09 06:14:56','2021-06-09 06:14:56',3),(9,'کفش روزمره مردانه','690000',NULL,30,1,25,0,0,0,0,NULL,'2021-06-09 06:31:17','2021-06-09 06:31:17',5),(12,'تیشرت زنانه آستین کوتاه جهانی استایل','200000',NULL,32,1,10,0,0,0,0,NULL,'2021-07-26 04:11:13','2021-07-26 04:11:13',1),(13,'تست','123365',NULL,15,1,10,0,0,0,0,NULL,'2021-10-27 04:11:19','2021-10-27 04:11:19',1);
/*!40000 ALTER TABLE `products` ENABLE KEYS */;
UNLOCK TABLES;

--
-- Table structure for table `rates`
--

DROP TABLE IF EXISTS `rates`;
/*!40101 SET @saved_cs_client     = @@character_set_client */;
/*!40101 SET character_set_client = utf8 */;
CREATE TABLE `rates` (
  `id` bigint(20) unsigned NOT NULL AUTO_INCREMENT,
  `user_id` bigint(20) unsigned DEFAULT NULL,
  `product_id` bigint(20) unsigned DEFAULT NULL,
  `rate` int(11) NOT NULL,
  `created_at` timestamp NULL DEFAULT NULL,
  `updated_at` timestamp NULL DEFAULT NULL,
  PRIMARY KEY (`id`),
  KEY `rates_user_id_foreign` (`user_id`),
  KEY `rates_product_id_foreign` (`product_id`),
  CONSTRAINT `rates_product_id_foreign` FOREIGN KEY (`product_id`) REFERENCES `products` (`id`) ON DELETE CASCADE ON UPDATE CASCADE,
  CONSTRAINT `rates_user_id_foreign` FOREIGN KEY (`user_id`) REFERENCES `users` (`id`) ON DELETE CASCADE ON UPDATE CASCADE
) ENGINE=InnoDB DEFAULT CHARSET=utf8mb4 COLLATE=utf8mb4_unicode_ci;
/*!40101 SET character_set_client = @saved_cs_client */;

--
-- Dumping data for table `rates`
--

LOCK TABLES `rates` WRITE;
/*!40000 ALTER TABLE `rates` DISABLE KEYS */;
/*!40000 ALTER TABLE `rates` ENABLE KEYS */;
UNLOCK TABLES;

--
-- Table structure for table `role_has_permissions`
--

DROP TABLE IF EXISTS `role_has_permissions`;
/*!40101 SET @saved_cs_client     = @@character_set_client */;
/*!40101 SET character_set_client = utf8 */;
CREATE TABLE `role_has_permissions` (
  `permission_id` bigint(20) unsigned NOT NULL,
  `role_id` bigint(20) unsigned NOT NULL,
  PRIMARY KEY (`permission_id`,`role_id`),
  KEY `role_has_permissions_role_id_foreign` (`role_id`),
  CONSTRAINT `role_has_permissions_permission_id_foreign` FOREIGN KEY (`permission_id`) REFERENCES `permissions` (`id`) ON DELETE CASCADE,
  CONSTRAINT `role_has_permissions_role_id_foreign` FOREIGN KEY (`role_id`) REFERENCES `roles` (`id`) ON DELETE CASCADE
) ENGINE=InnoDB DEFAULT CHARSET=utf8mb4 COLLATE=utf8mb4_unicode_ci;
/*!40101 SET character_set_client = @saved_cs_client */;

--
-- Dumping data for table `role_has_permissions`
--

LOCK TABLES `role_has_permissions` WRITE;
/*!40000 ALTER TABLE `role_has_permissions` DISABLE KEYS */;
INSERT INTO `role_has_permissions` VALUES (1,1);
/*!40000 ALTER TABLE `role_has_permissions` ENABLE KEYS */;
UNLOCK TABLES;

--
-- Table structure for table `roles`
--

DROP TABLE IF EXISTS `roles`;
/*!40101 SET @saved_cs_client     = @@character_set_client */;
/*!40101 SET character_set_client = utf8 */;
CREATE TABLE `roles` (
  `id` bigint(20) unsigned NOT NULL AUTO_INCREMENT,
  `name` varchar(255) COLLATE utf8mb4_unicode_ci NOT NULL,
  `guard_name` varchar(255) COLLATE utf8mb4_unicode_ci NOT NULL,
  `created_at` timestamp NULL DEFAULT NULL,
  `updated_at` timestamp NULL DEFAULT NULL,
  PRIMARY KEY (`id`),
  UNIQUE KEY `roles_name_guard_name_unique` (`name`,`guard_name`)
) ENGINE=InnoDB AUTO_INCREMENT=6 DEFAULT CHARSET=utf8mb4 COLLATE=utf8mb4_unicode_ci;
/*!40101 SET character_set_client = @saved_cs_client */;

--
-- Dumping data for table `roles`
--

LOCK TABLES `roles` WRITE;
/*!40000 ALTER TABLE `roles` DISABLE KEYS */;
INSERT INTO `roles` VALUES (1,'SuperAdmin','web',NULL,NULL),(2,'BranchAdmin','web',NULL,NULL),(3,'SellCounter','web',NULL,NULL),(4,'Accountant','web',NULL,NULL),(5,'EndUser','web',NULL,NULL);
/*!40000 ALTER TABLE `roles` ENABLE KEYS */;
UNLOCK TABLES;

--
-- Table structure for table `slides`
--

DROP TABLE IF EXISTS `slides`;
/*!40101 SET @saved_cs_client     = @@character_set_client */;
/*!40101 SET character_set_client = utf8 */;
CREATE TABLE `slides` (
  `id` bigint(20) unsigned NOT NULL AUTO_INCREMENT,
  `url` varchar(255) COLLATE utf8mb4_unicode_ci NOT NULL,
  `created_at` timestamp NULL DEFAULT NULL,
  `updated_at` timestamp NULL DEFAULT NULL,
  PRIMARY KEY (`id`)
) ENGINE=InnoDB DEFAULT CHARSET=utf8mb4 COLLATE=utf8mb4_unicode_ci;
/*!40101 SET character_set_client = @saved_cs_client */;

--
-- Dumping data for table `slides`
--

LOCK TABLES `slides` WRITE;
/*!40000 ALTER TABLE `slides` DISABLE KEYS */;
/*!40000 ALTER TABLE `slides` ENABLE KEYS */;
UNLOCK TABLES;

--
-- Table structure for table `transactions`
--

DROP TABLE IF EXISTS `transactions`;
/*!40101 SET @saved_cs_client     = @@character_set_client */;
/*!40101 SET character_set_client = utf8 */;
CREATE TABLE `transactions` (
  `id` bigint(20) unsigned NOT NULL AUTO_INCREMENT,
  `branch_id` bigint(20) unsigned DEFAULT NULL,
  `buyer_id` bigint(20) unsigned DEFAULT NULL,
  `product_id` bigint(20) unsigned DEFAULT NULL,
  `product_price` int(11) DEFAULT NULL,
  `sell_price` int(11) DEFAULT NULL,
  `gift` varchar(255) COLLATE utf8mb4_unicode_ci DEFAULT NULL,
  `mode` varchar(255) COLLATE utf8mb4_unicode_ci DEFAULT NULL,
  `authority` varchar(255) COLLATE utf8mb4_unicode_ci DEFAULT NULL,
  `bank` varchar(255) COLLATE utf8mb4_unicode_ci DEFAULT NULL,
  `type` varchar(255) COLLATE utf8mb4_unicode_ci DEFAULT NULL,
  `income` int(11) DEFAULT NULL,
  `balance_id` int(11) DEFAULT NULL,
  `remain_time` text COLLATE utf8mb4_unicode_ci,
  `created_at` timestamp NULL DEFAULT NULL,
  `updated_at` timestamp NULL DEFAULT NULL,
  PRIMARY KEY (`id`),
  KEY `transactions_branch_id_foreign` (`branch_id`),
  KEY `transactions_buyer_id_foreign` (`buyer_id`),
  KEY `transactions_product_id_foreign` (`product_id`),
  CONSTRAINT `transactions_branch_id_foreign` FOREIGN KEY (`branch_id`) REFERENCES `branches` (`id`) ON DELETE CASCADE ON UPDATE CASCADE,
  CONSTRAINT `transactions_buyer_id_foreign` FOREIGN KEY (`buyer_id`) REFERENCES `users` (`id`) ON DELETE CASCADE ON UPDATE CASCADE,
  CONSTRAINT `transactions_product_id_foreign` FOREIGN KEY (`product_id`) REFERENCES `products` (`id`) ON DELETE CASCADE ON UPDATE CASCADE
) ENGINE=InnoDB DEFAULT CHARSET=utf8mb4 COLLATE=utf8mb4_unicode_ci;
/*!40101 SET character_set_client = @saved_cs_client */;

--
-- Dumping data for table `transactions`
--

LOCK TABLES `transactions` WRITE;
/*!40000 ALTER TABLE `transactions` DISABLE KEYS */;
/*!40000 ALTER TABLE `transactions` ENABLE KEYS */;
UNLOCK TABLES;

--
-- Table structure for table `users`
--

DROP TABLE IF EXISTS `users`;
/*!40101 SET @saved_cs_client     = @@character_set_client */;
/*!40101 SET character_set_client = utf8 */;
CREATE TABLE `users` (
  `id` bigint(20) unsigned NOT NULL AUTO_INCREMENT,
  `username` varchar(255) COLLATE utf8mb4_unicode_ci DEFAULT NULL,
  `f_name` varchar(255) COLLATE utf8mb4_unicode_ci DEFAULT NULL,
  `l_name` varchar(255) COLLATE utf8mb4_unicode_ci DEFAULT NULL,
  `mobile` varchar(255) COLLATE utf8mb4_unicode_ci NOT NULL,
  `national_code` varchar(255) COLLATE utf8mb4_unicode_ci DEFAULT NULL,
  `mobile_verified_at` timestamp NULL DEFAULT NULL,
  `county` varchar(255) COLLATE utf8mb4_unicode_ci DEFAULT NULL,
  `city` varchar(255) COLLATE utf8mb4_unicode_ci DEFAULT NULL,
  `address` varchar(255) COLLATE utf8mb4_unicode_ci DEFAULT NULL,
  `postal_code` varchar(255) COLLATE utf8mb4_unicode_ci DEFAULT NULL,
  `avatar` varchar(255) COLLATE utf8mb4_unicode_ci DEFAULT NULL,
  `email` varchar(255) COLLATE utf8mb4_unicode_ci DEFAULT NULL,
  `email_verified_at` timestamp NULL DEFAULT NULL,
  `password` varchar(255) COLLATE utf8mb4_unicode_ci NOT NULL,
  `branch_id` bigint(20) unsigned DEFAULT NULL,
  `status` varchar(255) COLLATE utf8mb4_unicode_ci NOT NULL DEFAULT 'active',
  `remember_token` varchar(100) COLLATE utf8mb4_unicode_ci DEFAULT NULL,
  `deleted_at` timestamp NULL DEFAULT NULL,
  `created_at` timestamp NULL DEFAULT NULL,
  `updated_at` timestamp NULL DEFAULT NULL,
  PRIMARY KEY (`id`),
  UNIQUE KEY `users_mobile_unique` (`mobile`),
  UNIQUE KEY `users_username_unique` (`username`),
  UNIQUE KEY `users_email_unique` (`email`),
  KEY `users_branch_id_foreign` (`branch_id`),
  CONSTRAINT `users_branch_id_foreign` FOREIGN KEY (`branch_id`) REFERENCES `branches` (`id`) ON DELETE CASCADE ON UPDATE CASCADE
) ENGINE=InnoDB AUTO_INCREMENT=5 DEFAULT CHARSET=utf8mb4 COLLATE=utf8mb4_unicode_ci;
/*!40101 SET character_set_client = @saved_cs_client */;

--
-- Dumping data for table `users`
--

LOCK TABLES `users` WRITE;
/*!40000 ALTER TABLE `users` DISABLE KEYS */;
INSERT INTO `users` VALUES (1,'superAdmin','Samira','Parvin','09112483051','001*******','2021-06-08 05:24:34','24','10','خیابان مطهری','1254785963',NULL,'sparvinnn@gmail.com','2021-06-08 05:24:34','$2y$10$QnRsBctGqkT0Q9vukqhBkulZihjWEWqB8OjNKrLlO5BP4JgXW.Nmm',1,'active',NULL,NULL,NULL,NULL),(2,'PublicUser','Mahdi','Moradi','09125146354',NULL,NULL,NULL,NULL,NULL,NULL,NULL,NULL,NULL,'$2y$10$vNmwj8W3h8s/fON5r..6bOpft9MQ1NaZ6VgwEDAnVBxblJiPgp5jW',NULL,'active',NULL,NULL,NULL,NULL),(3,NULL,'فاطمه','معتمد','09119284346',NULL,'2021-06-15 03:17:51',NULL,NULL,NULL,NULL,NULL,NULL,NULL,'$2y$10$6poaNiPEPCA7/BMqOmz0NuJazN6scM5PvxT4BYYaYpGaSYkWlzXuq',NULL,'active',NULL,NULL,'2021-06-15 03:17:51','2021-06-15 03:17:51'),(4,NULL,'samira','parvin','09117158276',NULL,'2021-06-15 03:52:17',NULL,NULL,NULL,NULL,NULL,NULL,NULL,'$2y$10$NQvPBUDHGFGoOJqg3BwHQumm8ZvalbeLSui3QablF0Ir5FfTV5Xm.',1,'active',NULL,NULL,'2021-06-15 03:52:17','2021-06-15 03:52:17');
/*!40000 ALTER TABLE `users` ENABLE KEYS */;
UNLOCK TABLES;
/*!40103 SET TIME_ZONE=@OLD_TIME_ZONE */;

/*!40101 SET SQL_MODE=@OLD_SQL_MODE */;
/*!40014 SET FOREIGN_KEY_CHECKS=@OLD_FOREIGN_KEY_CHECKS */;
/*!40014 SET UNIQUE_CHECKS=@OLD_UNIQUE_CHECKS */;
/*!40101 SET CHARACTER_SET_CLIENT=@OLD_CHARACTER_SET_CLIENT */;
/*!40101 SET CHARACTER_SET_RESULTS=@OLD_CHARACTER_SET_RESULTS */;
/*!40101 SET COLLATION_CONNECTION=@OLD_COLLATION_CONNECTION */;
/*!40111 SET SQL_NOTES=@OLD_SQL_NOTES */;

-- Dump completed on 2021-10-27  8:24:40
